years,model,AUC_mean,AUC_sd,hits_mean,hits_sd,rmse_mean,rmse_sd,n,train_events,span
1,gbm,0.769,,8.0,,,,1,37.0,2021-06-11~2022-06-10
1,nn,0.926,0.006,74.0,7.906,1.181,0.022,5,37.0,2021-06-11~2022-06-10
1,softw,0.925,0.008,60.4,5.983,1.213,0.018,5,37.0,2021-06-11~2022-06-10
2,gbm,0.848,,9.0,,,,1,43.0,2020-06-11~2022-06-10
2,nn,0.924,0.005,65.6,4.722,1.151,0.015,5,43.0,2020-06-11~2022-06-10
2,softw,0.931,0.01,72.2,3.114,1.156,0.026,5,43.0,2020-06-11~2022-06-10
3,gbm,0.767,,15.0,,,,1,73.0,2019-06-11~2022-06-10
3,nn,0.929,0.007,67.6,4.615,1.132,0.022,5,73.0,2019-06-11~2022-06-10
3,softw,0.93,0.016,69.0,6.557,1.138,0.013,5,73.0,2019-06-11~2022-06-10
5,gbm,0.864,,30.0,,,,1,194.0,2017-06-11~2022-06-10
5,nn,0.919,0.003,75.8,2.28,1.064,0.014,5,194.0,2017-06-11~2022-06-10
5,softw,0.925,0.016,78.0,2.121,1.064,0.006,5,194.0,2017-06-11~2022-06-10
all,gbm,0.916,,53.0,,,,1,4098.0,2013-10-01~2022-06-10
all,nn,0.927,0.004,71.2,2.28,1.046,0.003,5,4098.0,2013-10-01~2022-06-10
all,softw,0.926,0.005,73.0,1.581,1.048,0.003,5,4098.0,2013-10-01~2022-06-10
