Time,outlet_temp_now,p_freeze_6h,pred_min_outlet_temp_6h,pred_sd,actual_min_outlet_temp_6h,valid_input,top1pct_alarm
2026-03-01 00:00:00,5.2703,0.0001,3.7256,0.8724,2.7337,True,False
2026-03-01 01:00:00,4.8553,0.0001,3.1444,0.7511,2.5383,True,False
2026-03-01 02:00:00,4.3556,0.0001,2.7505,0.6729,2.5383,True,False
2026-03-01 03:00:00,4.0797,0.0001,3.1755,0.6133,2.5383,True,False
2026-03-01 04:00:00,3.8551,0.0001,2.8335,0.5785,2.5383,True,False
2026-03-01 05:00:00,3.3912,0.0001,2.7525,0.5471,2.5383,True,False
2026-03-01 06:00:00,2.9729,0.0001,2.5401,0.5184,2.5383,True,False
2026-03-01 07:00:00,2.6506,0.0001,2.9506,0.5023,3.1243,True,False
2026-03-01 08:00:00,4.4443,0.0001,4.6293,1.2333,4.4427,True,False
2026-03-01 09:00:00,5.3297,0.0001,4.2330,1.1190,4.4427,True,False
2026-03-01 10:00:00,4.8561,0.0072,3.2972,1.0979,4.4427,True,False
2026-03-01 11:00:00,5.6447,0.0211,3.1446,1.3325,4.4427,True,False
2026-03-01 12:00:00,5.2679,0.0211,3.1865,1.0926,4.4427,True,False
2026-03-01 13:00:00,4.6396,0.0001,3.0125,0.9312,4.7356,True,False
2026-03-01 14:00:00,5.0669,0.0001,3.4708,1.0015,4.8821,True,False
2026-03-01 15:00:00,5.2776,0.0001,3.7540,0.8929,4.8821,True,False
2026-03-01 16:00:00,4.9798,0.0001,4.3246,0.8057,4.8821,True,False
2026-03-01 17:00:00,5.2475,0.0001,5.5183,0.8739,6.1517,True,False
2026-03-01 18:00:00,7.4587,0.0001,6.3945,1.3045,8.0072,True,False
2026-03-01 19:00:00,8.5239,0.0001,6.7332,1.3353,7.2259,True,False
2026-03-01 20:00:00,9.3557,0.0001,6.5417,1.4056,6.7376,True,False
2026-03-01 21:00:00,9.2881,0.0001,6.4660,1.3407,6.1517,True,False
2026-03-01 22:00:00,9.2303,0.0001,5.8160,1.2665,5.6146,True,False
2026-03-01 23:00:00,8.7526,0.0001,5.3335,1.1358,5.3704,True,False
2026-03-02 00:00:00,8.1496,0.0001,5.6890,0.9388,5.1263,True,False
2026-03-02 01:00:00,7.6174,0.0001,5.3234,0.7982,4.7845,True,False
2026-03-02 02:00:00,7.0404,0.0001,4.9040,0.7497,4.7845,True,False
2026-03-02 03:00:00,6.4105,0.0001,4.9658,0.6633,4.7845,True,False
2026-03-02 04:00:00,5.8994,0.0001,4.6865,0.6237,4.7845,True,False
2026-03-02 05:00:00,5.5299,0.0001,4.5067,0.6893,4.7845,True,False
2026-03-02 06:00:00,5.2020,0.0001,4.6366,0.6947,4.7845,True,False
2026-03-02 07:00:00,4.9635,0.0001,4.4118,0.7367,4.8333,True,False
2026-03-02 08:00:00,5.1238,0.0001,4.6892,0.9190,5.2239,True,False
2026-03-02 09:00:00,5.7537,0.0001,5.3697,1.3000,5.2728,True,False
2026-03-02 10:00:00,5.9987,0.0211,3.8363,1.3298,5.2728,True,False
2026-03-02 11:00:00,5.4941,0.0001,4.7839,1.2118,5.8587,True,False
2026-03-02 12:00:00,6.1606,0.0001,4.5430,1.3229,5.9075,True,False
2026-03-02 13:00:00,6.0744,0.0001,5.0812,1.0755,6.3958,True,False
2026-03-02 14:00:00,6.8141,0.0001,5.2555,1.1786,6.3470,True,False
2026-03-02 15:00:00,6.6318,0.0001,5.2134,0.9877,6.2005,True,False
2026-03-02 16:00:00,6.6847,0.0001,5.2275,1.0181,5.1751,True,False
2026-03-02 17:00:00,6.6335,0.0001,5.6848,1.0340,4.5892,True,False
2026-03-02 18:00:00,6.7482,0.0001,5.4335,1.0188,4.3450,True,False
2026-03-02 19:00:00,7.0111,0.0001,5.7927,1.0994,4.3450,True,False
2026-03-02 20:00:00,6.8393,0.0001,4.7631,0.9843,4.3450,True,False
2026-03-02 21:00:00,6.3153,0.0001,4.6849,1.0301,4.3450,True,False
2026-03-02 22:00:00,5.6544,0.0001,3.2992,0.9462,4.3450,True,False
2026-03-02 23:00:00,4.9822,0.0072,2.9544,0.9569,4.3450,True,False
2026-03-03 00:00:00,4.4500,0.0001,4.0140,0.6772,4.5892,True,False
2026-03-03 01:00:00,4.9887,0.0001,5.1985,0.6404,5.3216,True,False
2026-03-03 02:00:00,5.4664,0.0001,4.9144,0.6180,5.3216,True,False
2026-03-03 03:00:00,5.4542,0.0001,5.2013,0.6382,5.6634,True,False
2026-03-03 04:00:00,5.7594,0.0001,5.5765,0.6996,5.9564,True,False
2026-03-03 05:00:00,6.2729,0.0001,5.7128,0.8823,6.4446,True,False
2026-03-03 06:00:00,7.1722,0.0001,6.2930,1.4399,6.6400,True,False
2026-03-03 07:00:00,8.7502,0.0211,5.1458,1.8215,6.6400,True,False
2026-03-03 08:00:00,7.0005,0.0001,4.7786,1.1327,6.7376,True,False
2026-03-03 09:00:00,6.9679,0.0072,4.9463,1.5696,6.7376,True,False
2026-03-03 10:00:00,7.0648,0.0211,4.8808,1.7152,5.8099,True,False
2026-03-03 11:00:00,9.2222,0.0211,4.5912,2.3330,3.9055,True,False
2026-03-03 12:00:00,9.7715,0.0211,5.1026,2.0543,3.0755,True,False
2026-03-03 13:00:00,10.1662,0.0211,5.2590,1.8867,2.8313,True,False
2026-03-03 14:00:00,9.9750,0.0001,5.3714,1.4848,2.8313,True,False
2026-03-03 15:00:00,9.2393,0.0001,4.7786,1.2315,2.8313,True,False
2026-03-03 16:00:00,6.9517,0.0001,3.6387,1.0720,2.7825,True,False
2026-03-03 17:00:00,4.8463,0.0001,3.2689,0.8489,2.5872,True,False
2026-03-03 18:00:00,3.3766,0.0001,3.1128,0.6838,2.5872,True,False
2026-03-03 19:00:00,3.0079,0.0001,3.2992,0.6377,2.5872,True,False
2026-03-03 20:00:00,3.2162,0.0001,3.2987,0.6885,2.5872,True,False
2026-03-03 21:00:00,3.3164,0.0001,2.7971,0.7571,2.5872,True,False
2026-03-03 22:00:00,2.9086,0.0211,2.1481,0.8746,2.5872,True,False
2026-03-03 23:00:00,2.6246,0.0211,1.9698,0.8579,2.6360,True,False
2026-03-04 00:00:00,3.5914,0.0001,4.5024,0.7469,4.7356,True,False
2026-03-04 01:00:00,5.6056,0.0001,5.6248,0.7726,6.1028,True,False
2026-03-04 02:00:00,6.1671,0.0001,5.8886,0.6638,6.2982,True,False
2026-03-04 03:00:00,6.3137,0.0001,5.9573,0.6709,6.3470,True,False
2026-03-04 04:00:00,6.5545,0.0001,6.1124,0.8104,6.6888,True,False
2026-03-04 05:00:00,7.1836,0.0001,6.4141,1.1032,7.6654,True,False
2026-03-04 06:00:00,8.1016,0.0001,6.7866,1.6234,8.1048,True,False
2026-03-04 07:00:00,10.0368,0.0211,6.3448,2.5452,8.1048,True,False
2026-03-04 08:00:00,10.6667,0.0211,6.3296,2.4055,7.8607,True,False
2026-03-04 09:00:00,10.9735,0.0211,4.8368,2.3313,6.1028,True,False
2026-03-04 10:00:00,9.8179,0.0211,4.1279,2.0324,4.7845,True,False
2026-03-04 11:00:00,9.0790,0.0211,4.0949,1.9439,4.1985,True,False
2026-03-04 12:00:00,8.4808,0.0211,4.1726,1.8177,3.9544,True,False
2026-03-04 13:00:00,8.3604,0.0211,4.3381,1.5670,3.9544,True,False
2026-03-04 14:00:00,8.2448,0.0072,4.2563,1.4329,3.9544,True,False
2026-03-04 15:00:00,6.9126,0.0001,4.3262,1.0253,3.9544,True,False
2026-03-04 16:00:00,5.3135,0.0001,3.6977,0.8342,3.9544,True,False
2026-03-04 17:00:00,4.5151,0.0001,3.8038,0.8232,3.9544,True,False
2026-03-04 18:00:00,4.0651,0.0001,4.0160,0.7230,4.0032,True,False
2026-03-04 19:00:00,4.1456,0.0001,4.1118,0.7305,4.4915,True,False
2026-03-04 20:00:00,4.8659,0.0001,5.2163,0.8896,6.1028,True,False
2026-03-04 21:00:00,8.3441,0.0001,6.9004,1.8437,8.9349,True,False
2026-03-04 22:00:00,10.5243,0.0001,6.9591,1.8300,8.6419,True,False
2026-03-04 23:00:00,11.2689,0.0001,7.2284,1.5807,8.6419,True,False
2026-03-05 00:00:00,11.4488,0.0001,7.6342,1.3362,8.6419,True,False
2026-03-05 01:00:00,10.8921,0.0001,7.3639,1.0168,8.6419,True,False
2026-03-05 02:00:00,9.8448,0.0001,7.3388,0.8807,8.6419,True,False
2026-03-05 03:00:00,9.1107,0.0001,7.5261,0.8951,8.6419,True,False
2026-03-05 04:00:00,8.7559,0.0001,7.4414,0.9700,8.6908,True,False
2026-03-05 05:00:00,8.7884,0.0001,7.2806,1.1003,8.5931,True,False
2026-03-05 06:00:00,9.5656,0.0001,7.3604,1.9596,8.5931,True,False
2026-03-05 07:00:00,11.7117,0.0211,6.6741,2.8628,7.7142,True,False
2026-03-05 08:00:00,11.8467,0.0211,6.0368,2.2340,7.5677,True,False
2026-03-05 09:00:00,11.1688,0.0211,5.6168,2.4464,6.5911,True,False
2026-03-05 10:00:00,9.9441,0.0211,4.5844,1.8114,5.9075,True,False
2026-03-05 11:00:00,8.7518,0.0211,5.0403,2.0321,4.9310,True,False
2026-03-05 12:00:00,8.8674,0.0211,5.0495,1.8507,4.6380,True,False
2026-03-05 13:00:00,8.4230,0.0001,4.9026,1.5037,4.1985,True,False
2026-03-05 14:00:00,7.8965,0.0001,5.2300,1.3680,3.0755,True,False
2026-03-05 15:00:00,7.1103,0.0001,5.1446,1.1054,3.0755,True,False
2026-03-05 16:00:00,6.2941,0.0001,4.9729,1.0817,3.0755,True,False
2026-03-05 17:00:00,5.4933,0.0001,4.4538,0.9945,3.0755,True,False
2026-03-05 18:00:00,4.7535,0.0001,4.4277,0.9435,3.0755,True,False
2026-03-05 19:00:00,4.3735,0.0001,4.0171,0.8604,3.0755,True,False
2026-03-05 20:00:00,3.8201,0.0001,3.0193,0.8022,3.0755,True,False
2026-03-05 21:00:00,4.1041,0.0001,4.5700,0.9858,4.1497,True,False
2026-03-05 22:00:00,6.7051,0.0001,5.3499,1.3288,3.9055,True,False
2026-03-05 23:00:00,8.0747,0.0001,5.1844,1.2987,3.9055,True,False
2026-03-06 00:00:00,7.3333,0.0211,2.7660,1.1293,3.9055,True,False
2026-03-06 01:00:00,5.5413,0.0001,4.4758,0.6985,3.9055,True,False
2026-03-06 02:00:00,4.9391,0.0001,3.4831,0.6575,3.9055,True,False
2026-03-06 03:00:00,4.3995,0.0001,3.4720,0.5751,3.9055,True,False
2026-03-06 04:00:00,4.0081,0.0001,3.5194,0.5472,3.9544,True,False
2026-03-06 05:00:00,4.0268,0.0001,3.7168,0.5658,4.0032,True,False
2026-03-06 06:00:00,4.2425,0.0001,4.1465,0.6629,4.4427,True,False
2026-03-06 07:00:00,4.6355,0.0001,4.2656,0.7548,4.6868,True,False
2026-03-06 08:00:00,5.0742,0.0001,4.6449,0.9832,5.2728,True,False
2026-03-06 09:00:00,5.4933,0.0001,4.8660,1.2723,5.2239,True,False
2026-03-06 10:00:00,6.8629,0.0211,5.0472,1.8094,4.9310,True,False
2026-03-06 11:00:00,6.7335,0.0072,4.4060,1.4971,4.9310,True,False
2026-03-06 12:00:00,6.1899,0.0211,3.9149,1.4416,4.7845,True,False
2026-03-06 13:00:00,5.7895,0.0001,4.1778,1.2222,4.7845,True,False
2026-03-06 14:00:00,6.1403,0.0072,4.1261,1.3189,4.7845,True,False
2026-03-06 15:00:00,5.5649,0.0001,4.2525,1.0505,4.7845,True,False
2026-03-06 16:00:00,5.3346,0.0001,4.1654,1.0241,4.7845,True,False
2026-03-06 17:00:00,5.0929,0.0001,4.4707,0.9493,4.7845,True,False
2026-03-06 18:00:00,4.9765,0.0001,4.1904,0.9245,5.1751,True,False
2026-03-06 19:00:00,5.7472,0.0001,4.8038,1.0806,6.2005,True,False
2026-03-06 20:00:00,6.5431,0.0001,4.8115,1.1531,6.1517,True,False
2026-03-06 21:00:00,7.0876,0.0001,4.7846,1.2047,5.6634,True,False
2026-03-06 22:00:00,6.8385,0.0001,3.9077,1.0950,5.1751,True,False
2026-03-06 23:00:00,6.6074,0.0001,4.2527,1.0226,5.0286,True,False
2026-03-07 00:00:00,6.4031,0.0001,4.6245,0.8886,4.9310,True,False
2026-03-07 01:00:00,6.5708,0.0001,4.6920,0.7911,4.9310,True,False
2026-03-07 02:00:00,6.2339,0.0001,4.9850,0.7161,4.9310,True,False
2026-03-07 03:00:00,5.8701,0.0001,4.8683,0.6506,4.9310,True,False
2026-03-07 04:00:00,5.4551,0.0001,4.6306,0.6078,4.9310,True,False
2026-03-07 05:00:00,5.1987,0.0001,4.7672,0.6413,4.9310,True,False
2026-03-07 06:00:00,5.0156,0.0001,4.8752,0.7084,5.0774,True,False
2026-03-07 07:00:00,5.2459,0.0001,5.2488,0.9459,5.9564,True,False
2026-03-07 08:00:00,7.1022,0.0001,6.1654,1.9076,8.3001,True,False
2026-03-07 09:00:00,8.5280,0.0211,5.7880,2.0861,7.5677,True,False
2026-03-07 10:00:00,8.9219,0.0211,5.8811,2.1525,6.7864,True,False
2026-03-07 11:00:00,9.5323,0.0211,5.1609,2.1890,6.3470,True,False
2026-03-07 12:00:00,9.3483,0.0211,5.1156,1.8690,6.3470,True,False
2026-03-07 13:00:00,9.6202,0.0211,5.1844,1.8767,6.3470,True,False
2026-03-07 14:00:00,9.3166,0.0001,5.4992,1.5810,6.3470,True,False
2026-03-07 15:00:00,8.6362,0.0001,5.0044,1.3864,6.3470,True,False
2026-03-07 16:00:00,7.0550,0.0001,5.1223,1.1694,6.3470,True,False
2026-03-07 17:00:00,6.4935,0.0001,5.1848,1.0718,6.5423,True,False
2026-03-07 18:00:00,6.7514,0.0001,5.1475,1.1554,6.8841,True,False
2026-03-07 19:00:00,7.4286,0.0001,5.5278,1.3104,6.9329,True,False
2026-03-07 20:00:00,8.3823,0.0001,5.6377,1.4421,6.0052,True,False
2026-03-07 21:00:00,9.0399,0.0001,5.6605,1.4947,5.2728,True,False
2026-03-07 22:00:00,8.9545,0.0001,4.8708,1.3123,4.7845,True,False
2026-03-07 23:00:00,8.4694,0.0001,5.4006,1.2142,4.6380,True,False
2026-03-08 00:00:00,8.2432,0.0001,4.9549,1.0291,4.4427,True,False
2026-03-08 01:00:00,7.3309,0.0001,4.8361,0.8593,4.4427,True,False
2026-03-08 02:00:00,6.3755,0.0001,4.8284,0.6859,4.4427,True,False
2026-03-08 03:00:00,5.6325,0.0001,4.4839,0.5911,4.4427,True,False
2026-03-08 04:00:00,5.0783,0.0001,4.3783,0.5578,4.4427,True,False
2026-03-08 05:00:00,4.7299,0.0001,4.4677,0.5715,4.4427,True,False
2026-03-08 06:00:00,4.5151,0.0001,4.4199,0.6073,4.6380,True,False
2026-03-08 07:00:00,4.7275,0.0001,4.7778,0.7527,4.9798,True,False
2026-03-08 08:00:00,6.2160,0.0001,6.0386,1.4683,7.2747,True,False
2026-03-08 09:00:00,7.4261,0.0001,6.0862,1.7026,7.0794,True,False
2026-03-08 10:00:00,8.2993,0.0211,5.6695,2.0160,6.3958,True,False
2026-03-08 11:00:00,9.0155,0.0211,4.9467,1.9036,6.3958,True,False
2026-03-08 12:00:00,9.3687,0.0211,4.6926,1.8744,6.3958,True,False
2026-03-08 13:00:00,8.7193,0.0001,5.2715,1.4750,6.3958,True,False
2026-03-08 14:00:00,7.7826,0.0001,4.9305,1.2145,6.3958,True,False
2026-03-08 15:00:00,7.1559,0.0001,5.4575,1.0073,6.3958,True,False
2026-03-08 16:00:00,6.6424,0.0001,5.3501,0.8622,6.4446,True,False
2026-03-08 17:00:00,6.6050,0.0001,5.1394,0.9430,6.5911,True,False
2026-03-08 18:00:00,7.0322,0.0001,5.5659,1.1191,7.8607,True,False
2026-03-08 19:00:00,8.4320,0.0001,5.7849,1.4411,7.6654,True,False
2026-03-08 20:00:00,9.0716,0.0001,5.5952,1.4249,6.8841,True,False
2026-03-08 21:00:00,9.5168,0.0001,5.6367,1.4789,6.1028,True,False
2026-03-08 22:00:00,9.8472,0.0001,5.4929,1.4277,5.6146,True,False
2026-03-08 23:00:00,9.1856,0.0001,5.6297,1.1725,5.3216,True,False
2026-03-09 00:00:00,8.7347,0.0001,5.2345,0.9903,5.1263,True,False
2026-03-09 01:00:00,7.9844,0.0001,5.1992,0.8747,5.1263,True,False
2026-03-09 02:00:00,7.1950,0.0001,5.3434,0.6991,5.1263,True,False
2026-03-09 03:00:00,6.5138,0.0001,4.9267,0.6172,5.1263,True,False
2026-03-09 04:00:00,5.8554,0.0001,4.6588,0.6128,5.1263,True,False
2026-03-09 05:00:00,5.3948,0.0001,4.8227,0.5992,5.1263,True,False
2026-03-09 06:00:00,5.2288,0.0001,4.8542,0.6050,5.4192,True,False
2026-03-09 07:00:00,5.7057,0.0001,5.2557,0.7909,6.0052,True,False
2026-03-09 08:00:00,7.0461,0.0001,6.1139,1.4269,8.0560,True,False
2026-03-09 09:00:00,8.8869,0.0211,6.4401,2.3209,8.1048,True,False
2026-03-09 10:00:00,10.5658,0.0211,5.6894,2.5989,7.5189,True,False
2026-03-09 11:00:00,10.8490,0.0211,6.0329,2.4843,7.0306,True,False
2026-03-09 12:00:00,11.1900,0.0211,4.6839,2.1234,6.9818,True,False
2026-03-09 13:00:00,10.3111,0.0001,5.7270,1.7583,6.9818,True,False
2026-03-09 14:00:00,9.4785,0.0001,5.2228,1.3358,6.9818,True,False
2026-03-09 15:00:00,8.3408,0.0001,5.4416,1.2022,6.9818,True,False
2026-03-09 16:00:00,7.7581,0.0001,6.0164,1.0453,6.9818,True,False
2026-03-09 17:00:00,7.3358,0.0001,5.6095,0.9810,6.9818,True,False
2026-03-09 18:00:00,7.3236,0.0001,5.9688,1.0833,6.7864,True,False
2026-03-09 19:00:00,8.3433,0.0001,5.9842,1.3435,5.7122,True,False
2026-03-09 20:00:00,8.8137,0.0001,5.7590,1.3527,4.7356,True,False
2026-03-09 21:00:00,9.0602,0.0001,5.6447,1.3693,3.6614,True,False
2026-03-09 22:00:00,8.8332,0.0001,4.7449,1.2838,3.0266,True,False
2026-03-09 23:00:00,7.9958,0.0001,5.2152,1.0653,2.8313,True,False
2026-03-10 00:00:00,7.3919,0.0001,4.2085,0.9022,2.7825,True,False
2026-03-10 01:00:00,6.2933,0.0001,3.4293,0.7803,2.7825,True,False
2026-03-10 02:00:00,5.1621,0.0001,3.1157,0.6481,2.7825,True,False
2026-03-10 03:00:00,4.2026,0.0001,2.8787,0.5621,2.7825,True,False
2026-03-10 04:00:00,3.3945,0.0001,2.5657,0.5275,2.7825,True,False
2026-03-10 05:00:00,2.9111,0.0001,2.6962,0.5188,2.7825,True,False
2026-03-10 06:00:00,2.9314,0.0001,3.2382,0.5156,3.4173,True,False
2026-03-10 07:00:00,3.8803,0.0001,4.2498,0.6337,4.5892,True,False
2026-03-10 08:00:00,5.8082,0.0001,5.9089,1.2850,7.1771,True,False
2026-03-10 09:00:00,8.2407,0.0072,6.4393,2.0956,7.8119,True,False
2026-03-10 10:00:00,10.0214,0.0211,5.2492,2.2986,6.5911,True,False
2026-03-10 11:00:00,10.4763,0.0211,5.2278,2.1564,6.2005,True,False
2026-03-10 12:00:00,10.6895,0.0211,4.6839,1.8314,6.0540,True,False
2026-03-10 13:00:00,10.6480,0.0211,4.3666,1.6433,6.0540,True,False
2026-03-10 14:00:00,9.9733,0.0001,5.0398,1.3628,6.0540,True,False
2026-03-10 15:00:00,9.0326,0.0001,4.4943,1.1758,6.0540,True,False
2026-03-10 16:00:00,7.1649,0.0001,4.2551,1.0277,6.0540,True,False
2026-03-10 17:00:00,6.3112,0.0001,5.1304,0.9144,6.0540,True,False
2026-03-10 18:00:00,6.2160,0.0001,5.1649,0.8971,6.3470,True,False
2026-03-10 19:00:00,7.1160,0.0001,5.8322,1.1976,6.1517,True,False
2026-03-10 20:00:00,8.2749,0.0001,6.0017,1.4178,5.1263,True,False
2026-03-10 21:00:00,8.9862,0.0001,5.9174,1.4799,4.4915,True,False
2026-03-10 22:00:00,8.2277,0.0001,5.0113,1.1934,3.9544,True,False
2026-03-10 23:00:00,7.8892,0.0001,4.7407,1.1607,3.5637,True,False
2026-03-11 00:00:00,7.1877,0.0001,4.8696,0.9528,3.3684,True,False
2026-03-11 01:00:00,6.5350,0.0001,4.3246,0.7812,3.3684,True,False
2026-03-11 02:00:00,5.6911,0.0001,3.6246,0.6754,3.3684,True,False
2026-03-11 03:00:00,4.7511,0.0001,3.3085,0.6385,3.3684,True,False
2026-03-11 04:00:00,4.1513,0.0001,3.3650,0.5703,3.3684,True,False
2026-03-11 05:00:00,3.7322,0.0001,3.2532,0.5400,3.3684,True,False
2026-03-11 06:00:00,3.4897,0.0001,3.2521,0.5261,3.4173,True,False
2026-03-11 07:00:00,4.3426,0.0001,4.9181,0.7238,3.6614,True,False
2026-03-11 08:00:00,5.7090,0.0001,4.8294,1.1136,3.6614,True,False
2026-03-11 09:00:00,4.1367,0.0001,3.2511,0.7840,3.6614,True,False
2026-03-11 10:00:00,3.8893,0.0072,3.0739,1.0078,3.5149,True,False
2026-03-11 11:00:00,4.1440,0.0211,3.1368,1.1242,2.9290,True,False
2026-03-11 12:00:00,4.4305,0.0001,3.2024,1.0077,2.7337,True,False
2026-03-11 13:00:00,4.4329,0.0211,2.7608,0.9498,2.6360,True,False
2026-03-11 14:00:00,4.7023,0.0211,2.7618,1.0189,2.6360,True,False
2026-03-11 15:00:00,4.6225,0.0072,2.8864,0.9177,2.6360,True,False
2026-03-11 16:00:00,3.9763,0.0001,2.5826,0.7999,2.6360,True,False
2026-03-11 17:00:00,3.2846,0.0001,2.4904,0.7275,2.6360,True,False
2026-03-11 18:00:00,2.9119,0.0001,2.5985,0.7093,2.6360,True,False
2026-03-11 19:00:00,3.2236,0.0001,4.4745,0.7696,5.1751,True,False
2026-03-11 20:00:00,7.0412,0.0001,6.5399,1.4236,6.8353,True,False
2026-03-11 21:00:00,8.7958,0.0001,6.4616,1.3915,6.0052,True,False
2026-03-11 22:00:00,9.3915,0.0001,6.4079,1.3101,5.7122,True,False
2026-03-11 23:00:00,9.6486,0.0001,6.3309,1.2331,5.7122,True,False
2026-03-12 00:00:00,9.0936,0.0001,5.3500,1.0364,5.7122,True,False
2026-03-12 01:00:00,8.0503,0.0001,5.0747,0.8227,5.7122,True,False
2026-03-12 02:00:00,7.1689,0.0001,5.5338,0.6517,5.7122,True,False
2026-03-12 03:00:00,6.4170,0.0001,5.1918,0.5886,5.7122,True,False
2026-03-12 04:00:00,5.9287,0.0001,5.1587,0.5999,5.7122,True,False
2026-03-12 05:00:00,5.8270,0.0001,5.2105,0.7219,5.7610,True,False
2026-03-12 06:00:00,6.1037,0.0001,5.7943,0.9398,6.1028,True,False
2026-03-12 07:00:00,7.2178,0.0001,6.1117,1.3101,6.1028,True,False
2026-03-12 08:00:00,8.6371,0.0072,6.6153,2.1220,6.1028,True,False
2026-03-12 09:00:00,9.9253,0.0211,4.9184,2.0938,5.0286,True,False
2026-03-12 10:00:00,7.8265,0.0211,3.8976,1.4622,4.3938,True,False
2026-03-12 11:00:00,6.7002,0.0211,3.7713,1.5195,4.3938,True,False
2026-03-12 12:00:00,6.4235,0.0211,3.4643,1.3477,4.2473,True,False
2026-03-12 13:00:00,6.4666,0.0211,3.3397,1.2748,4.2473,True,False
2026-03-12 14:00:00,6.4943,0.0001,3.8712,1.1756,4.2473,True,False
2026-03-12 15:00:00,5.9564,0.0001,3.6093,1.0199,4.2473,True,False
2026-03-12 16:00:00,4.6063,0.0001,4.0475,0.7504,4.2473,True,False
2026-03-12 17:00:00,4.4915,0.0001,4.4279,0.7228,4.2473,True,False
2026-03-12 18:00:00,4.3605,0.0001,4.3847,0.6682,4.5892,True,False
2026-03-12 19:00:00,5.1124,0.0001,5.0493,0.8030,3.9544,True,False
2026-03-12 20:00:00,5.9572,0.0001,5.3889,0.9298,3.0266,True,False
2026-03-12 21:00:00,6.2485,0.0001,5.1091,0.9469,2.2942,True,False
2026-03-12 22:00:00,6.2477,0.0001,4.3948,0.9688,2.2942,True,False
2026-03-12 23:00:00,5.8888,0.0001,3.7918,0.9707,2.2942,True,False
2026-03-13 00:00:00,5.2752,0.0001,3.4196,0.8911,2.2942,True,False
2026-03-13 01:00:00,4.4785,0.0001,2.4286,0.7553,2.2942,True,False
2026-03-13 02:00:00,3.5190,0.0211,1.5561,0.7090,2.2942,True,False
2026-03-13 03:00:00,2.5685,0.0001,1.9760,0.5342,2.3919,True,False
2026-03-13 04:00:00,2.6132,0.0001,2.6089,0.4659,2.8313,True,False
2026-03-13 05:00:00,3.1845,0.0001,3.2858,0.5163,3.4173,True,False
2026-03-13 06:00:00,3.7729,0.0001,3.9006,0.5852,4.3450,True,False
2026-03-13 07:00:00,4.8333,0.0001,4.9080,0.7954,5.7122,True,False
2026-03-13 08:00:00,7.1136,0.0001,5.9309,1.7980,8.0560,True,False
2026-03-13 09:00:00,8.1569,0.0211,4.8776,1.7005,7.4212,True,False
2026-03-13 10:00:00,8.2717,0.0072,4.9851,1.6962,6.2982,True,False
2026-03-13 11:00:00,9.0383,0.0211,4.3280,1.7799,5.5169,True,False
2026-03-13 12:00:00,9.3109,0.0211,3.9635,1.6231,4.9798,True,False
2026-03-13 13:00:00,9.4720,0.0211,4.3476,1.5026,4.9798,True,False
2026-03-13 14:00:00,9.4729,0.0001,4.6867,1.3396,4.9798,True,False
2026-03-13 15:00:00,8.4580,0.0001,4.1217,1.0978,4.9798,True,False
2026-03-13 16:00:00,6.6440,0.0001,3.9826,0.9889,4.9798,True,False
2026-03-13 17:00:00,5.8156,0.0001,4.6535,0.8652,4.9798,True,False
2026-03-13 18:00:00,5.2369,0.0001,4.3616,0.7877,5.0286,True,False
2026-03-13 19:00:00,5.3281,0.0001,4.6580,0.8793,5.3216,True,False
2026-03-13 20:00:00,5.6748,0.0001,4.8942,0.9744,5.6634,True,False
2026-03-13 21:00:00,5.8009,0.0001,4.4503,0.9366,5.6634,True,False
2026-03-13 22:00:00,5.8270,0.0001,4.2407,0.9637,5.7122,True,False
2026-03-13 23:00:00,6.6994,0.0001,5.6127,0.9338,7.4212,True,False
2026-03-14 00:00:00,8.1317,0.0001,6.3029,1.0042,7.5189,True,False
2026-03-14 01:00:00,8.6647,0.0001,6.5448,0.8874,7.5189,True,False
2026-03-14 02:00:00,8.5125,0.0001,6.5135,0.7465,7.5189,True,False
2026-03-14 03:00:00,8.0365,0.0001,6.4550,0.7207,7.5189,True,False
2026-03-14 04:00:00,7.6768,0.0001,6.5708,0.7740,7.6165,True,False
2026-03-14 05:00:00,7.7492,0.0001,6.6590,0.8646,7.7142,True,False
2026-03-14 06:00:00,7.8412,0.0001,6.6909,1.0696,7.8607,True,False
2026-03-14 07:00:00,8.1895,0.0001,6.7483,1.4677,8.4466,True,False
2026-03-14 08:00:00,9.2946,0.0072,7.1847,2.3713,8.5443,True,False
2026-03-14 09:00:00,11.0663,0.0211,6.6917,2.8914,6.0052,True,False
2026-03-14 10:00:00,11.4830,0.0211,6.6620,3.0682,4.5403,True,False
2026-03-14 11:00:00,13.1114,0.0211,5.7337,3.1269,4.5403,True,False
2026-03-14 12:00:00,13.0610,0.0211,6.3659,2.7220,4.5403,True,False
2026-03-14 13:00:00,13.3165,0.0211,4.8006,2.4447,4.5403,True,False
2026-03-14 14:00:00,10.3786,0.0211,3.6326,1.5339,4.5403,True,False
2026-03-14 15:00:00,6.9826,0.0001,3.7448,1.1339,4.5403,True,False
2026-03-14 16:00:00,5.1312,0.0001,3.7803,0.8791,4.5403,True,False
2026-03-14 17:00:00,5.2858,0.0001,5.3396,0.8999,6.0052,True,False
2026-03-14 18:00:00,6.2477,0.0001,5.4496,0.9849,6.6888,True,False
2026-03-14 19:00:00,7.1177,0.0001,5.6178,1.1747,6.7376,True,False
2026-03-14 20:00:00,7.4359,0.0001,5.7868,1.1756,6.2982,True,False
2026-03-14 21:00:00,7.6092,0.0001,5.4212,1.1598,5.7122,True,False
2026-03-14 22:00:00,7.6206,0.0001,5.0409,1.1691,5.1751,True,False
2026-03-14 23:00:00,7.5018,0.0001,5.0503,1.1185,4.6380,True,False
2026-03-15 00:00:00,7.3317,0.0001,5.2704,0.9646,4.3450,True,False
2026-03-15 01:00:00,7.0518,0.0001,4.8515,0.8017,4.2473,True,False
2026-03-15 02:00:00,6.5195,0.0001,4.7201,0.6900,4.2473,True,False
2026-03-15 03:00:00,6.0182,0.0001,4.4828,0.5954,4.2473,True,False
2026-03-15 04:00:00,5.4380,0.0001,4.2432,0.5677,4.2473,True,False
2026-03-15 05:00:00,4.8634,0.0001,4.2189,0.5043,4.2473,True,False
2026-03-15 06:00:00,4.5363,0.0001,4.0778,0.5181,4.2473,True,False
2026-03-15 07:00:00,4.3865,0.0001,4.2979,0.5720,4.5892,True,False
2026-03-15 08:00:00,4.8829,0.0001,5.1499,0.7130,5.4681,True,False
2026-03-15 09:00:00,5.8497,0.0001,5.5978,1.0150,6.2982,True,False
2026-03-15 10:00:00,6.9525,0.0001,5.6908,1.3905,7.4212,True,False
2026-03-15 11:00:00,8.1105,0.0001,5.6425,1.7406,6.7376,True,False
2026-03-15 12:00:00,9.5550,0.0072,5.5605,1.8438,6.2982,True,False
2026-03-15 13:00:00,10.3078,0.0001,5.3636,1.5924,6.2982,True,False
2026-03-15 14:00:00,10.3615,0.0001,5.3429,1.3972,6.2982,True,False
2026-03-15 15:00:00,9.7699,0.0001,5.3514,1.2222,6.2982,True,False
2026-03-15 16:00:00,8.1382,0.0001,5.1768,1.0979,6.2982,True,False
2026-03-15 17:00:00,7.0973,0.0001,5.3372,0.9670,6.1517,True,False
2026-03-15 18:00:00,6.5464,0.0001,5.1189,0.9379,5.6634,True,False
2026-03-15 19:00:00,6.5684,0.0001,5.4645,1.0339,5.1263,True,False
2026-03-15 20:00:00,6.6847,0.0001,5.1452,0.9853,4.4427,True,False
2026-03-15 21:00:00,6.9232,0.0001,4.9373,1.0653,3.9055,True,False
2026-03-15 22:00:00,6.6652,0.0001,4.5899,1.0515,3.1731,True,False
2026-03-15 23:00:00,6.3283,0.0001,4.3424,0.9417,2.7337,True,False
2026-03-16 00:00:00,5.9376,0.0001,3.8556,0.8925,2.6848,True,False
2026-03-16 01:00:00,5.3777,0.0001,3.5054,0.7350,2.6848,True,False
2026-03-16 02:00:00,4.7967,0.0001,3.4052,0.5947,2.6848,True,False
2026-03-16 03:00:00,4.1969,0.0001,2.8413,0.5634,2.6848,True,False
2026-03-16 04:00:00,3.5141,0.0001,2.7855,0.4803,2.6848,True,False
2026-03-16 05:00:00,2.9135,0.0001,2.5811,0.4482,2.6848,True,False
2026-03-16 06:00:00,2.8297,0.0001,2.9918,0.4607,3.0266,True,False
2026-03-16 07:00:00,3.6053,0.0001,4.3805,0.5669,4.6868,True,False
2026-03-16 08:00:00,5.4453,0.0001,5.3204,0.9538,5.9075,True,False
2026-03-16 09:00:00,7.0908,0.0001,5.8523,1.5766,7.4212,True,False
2026-03-16 10:00:00,8.6354,0.0211,5.6291,1.9479,5.9075,True,False
2026-03-16 11:00:00,8.9715,0.0211,4.7040,1.7333,5.1263,True,False
2026-03-16 12:00:00,9.2580,0.0211,4.0190,1.5551,4.6380,True,False
2026-03-16 13:00:00,8.2432,0.0072,3.9834,1.3201,4.6380,True,False
2026-03-16 14:00:00,8.1976,0.0001,4.1099,1.1707,4.6380,True,False
2026-03-16 15:00:00,7.7858,0.0001,4.2868,1.1311,4.6380,True,False
2026-03-16 16:00:00,6.4764,0.0001,3.9853,0.9271,4.6380,True,False
2026-03-16 17:00:00,5.3501,0.0001,4.1954,0.7756,4.6380,True,False
2026-03-16 18:00:00,4.8471,0.0001,4.0711,0.7158,4.3450,True,False
2026-03-16 19:00:00,4.8089,0.0001,4.0837,0.7704,3.7102,True,False
2026-03-16 20:00:00,5.3346,0.0001,4.5885,0.9513,2.9778,True,False
2026-03-16 21:00:00,5.5812,0.0001,3.8453,0.9075,2.5383,True,False
2026-03-16 22:00:00,5.5202,0.0001,3.4832,0.9947,2.2454,True,False
2026-03-16 23:00:00,5.0945,0.0001,3.2329,0.9207,2.1965,True,False
2026-03-17 00:00:00,4.6421,0.0001,2.7719,0.8087,2.1965,True,False
2026-03-17 01:00:00,4.0724,0.0211,2.0192,0.7323,2.1965,True,False
2026-03-17 02:00:00,3.3261,0.0211,1.7683,0.6319,2.1965,True,False
2026-03-17 03:00:00,2.7345,0.0211,1.5698,0.5714,2.1965,True,False
2026-03-17 04:00:00,2.4163,0.0001,1.8088,0.5262,2.1965,True,False
2026-03-17 05:00:00,2.2519,0.0001,2.1597,0.4536,2.1965,True,False
2026-03-17 06:00:00,2.3227,0.0001,2.6255,0.4398,2.5383,True,False
2026-03-17 07:00:00,3.3912,0.0001,4.1802,0.5498,4.1497,True,False
2026-03-17 08:00:00,4.9969,0.0001,5.2248,0.9099,6.1028,True,False
2026-03-17 09:00:00,6.9801,0.0001,5.5838,1.4691,7.6165,True,False
2026-03-17 10:00:00,8.7030,0.0211,5.5868,1.9827,6.0540,True,False
2026-03-17 11:00:00,9.8252,0.0211,4.6786,1.8980,5.3216,True,False
2026-03-17 12:00:00,9.9392,0.0211,3.9610,1.6155,4.8821,True,False
2026-03-17 13:00:00,9.7968,0.0211,3.8164,1.4248,4.8821,True,False
2026-03-17 14:00:00,9.3345,0.0001,4.1942,1.2380,4.8821,True,False
2026-03-17 15:00:00,8.6346,0.0001,4.0016,1.0914,4.8821,True,False
2026-03-17 16:00:00,6.7197,0.0001,3.5488,0.9235,4.8821,True,False
2026-03-17 17:00:00,5.5576,0.0001,4.1405,0.8752,4.8821,True,False
2026-03-17 18:00:00,5.0376,0.0001,4.2639,0.7475,4.9798,True,False
2026-03-17 19:00:00,5.1189,0.0001,4.3934,0.7762,5.3216,True,False
2026-03-17 20:00:00,5.6675,0.0001,4.5135,0.9395,4.8821,True,False
2026-03-17 21:00:00,6.0687,0.0001,4.5935,1.0228,4.3450,True,False
2026-03-17 22:00:00,6.2306,0.0001,4.1596,1.0165,3.7102,True,False
2026-03-17 23:00:00,6.2819,0.0001,3.9886,1.0220,3.1243,True,False
2026-03-18 00:00:00,6.0272,0.0001,3.8269,0.9444,3.0266,True,False
2026-03-18 01:00:00,5.6186,0.0001,3.5581,0.8006,3.0266,True,False
2026-03-18 02:00:00,5.1002,0.0001,2.9927,0.7091,3.0266,True,False
2026-03-18 03:00:00,4.5639,0.0001,2.9981,0.6566,3.0266,True,False
2026-03-18 04:00:00,4.0162,0.0001,2.7181,0.5881,3.0266,True,False
2026-03-18 05:00:00,3.3139,0.0001,2.6517,0.5190,3.0266,True,False
2026-03-18 06:00:00,3.0836,0.0001,2.9472,0.4626,3.1731,True,False
2026-03-18 07:00:00,3.4295,0.0001,3.7568,0.4703,3.8079,True,False
2026-03-18 08:00:00,4.7527,0.0001,5.0092,0.7676,5.5657,True,False
2026-03-18 09:00:00,5.7871,0.0001,5.0863,1.0144,6.2982,True,False
2026-03-18 10:00:00,6.8060,0.0001,5.1921,1.3332,6.7864,True,False
2026-03-18 11:00:00,7.0444,0.0001,5.3568,1.3855,6.3958,True,False
2026-03-18 12:00:00,7.4847,0.0001,4.9930,1.3432,5.1751,True,False
2026-03-18 13:00:00,7.8859,0.0001,5.1581,1.3905,5.1751,True,False
2026-03-18 14:00:00,9.0546,0.0001,5.3557,1.6141,5.1751,True,False
2026-03-18 15:00:00,9.3785,0.0001,5.0940,1.2860,5.1751,True,False
2026-03-18 16:00:00,7.9136,0.0001,5.0049,1.0755,5.1751,True,False
2026-03-18 17:00:00,6.8605,0.0001,4.9713,0.9321,4.8821,True,False
2026-03-18 18:00:00,5.7358,0.0001,4.2543,0.7940,4.6380,True,False
2026-03-18 19:00:00,5.4770,0.0001,4.5700,0.8599,4.1497,True,False
2026-03-18 20:00:00,5.4095,0.0001,4.3403,0.8204,3.5637,True,False
2026-03-18 21:00:00,5.9938,0.0001,4.3864,1.0468,3.0755,True,False
2026-03-18 22:00:00,5.5966,0.0001,3.7833,0.9515,2.6848,True,False
2026-03-18 23:00:00,5.2565,0.0001,2.9561,0.9081,2.6848,True,False
2026-03-19 00:00:00,4.8081,0.0001,2.8212,0.8533,2.6848,True,False
2026-03-19 01:00:00,4.3369,0.0001,2.7061,0.7206,2.6848,True,False
2026-03-19 02:00:00,3.8608,0.0001,2.3284,0.6063,2.6848,True,False
2026-03-19 03:00:00,3.2846,0.0001,2.2594,0.5389,2.6848,True,False
2026-03-19 04:00:00,2.8875,0.0001,2.4145,0.4692,2.6848,True,False
2026-03-19 05:00:00,2.7646,0.0001,2.7650,0.4371,2.7825,True,False
2026-03-19 06:00:00,3.0429,0.0001,3.4726,0.4792,3.4661,True,False
2026-03-19 07:00:00,4.0008,0.0001,4.6217,0.6399,5.0774,True,False
2026-03-19 08:00:00,6.3657,0.0001,5.9053,1.3225,7.0306,True,False
2026-03-19 09:00:00,8.0235,0.0001,6.0788,1.8811,7.9095,True,False
2026-03-19 10:00:00,9.3508,0.0211,5.3864,2.0101,6.4935,True,False
2026-03-19 11:00:00,10.1670,0.0211,4.6841,2.0307,5.7610,True,False
2026-03-19 12:00:00,10.2712,0.0211,4.7800,1.7612,5.6146,True,False
2026-03-19 13:00:00,9.9530,0.0001,4.9390,1.5062,5.6146,True,False
2026-03-19 14:00:00,9.6836,0.0001,4.7694,1.3332,5.6146,True,False
2026-03-19 15:00:00,9.0114,0.0001,4.4887,1.1959,5.6146,True,False
2026-03-19 16:00:00,7.0339,0.0001,4.6817,0.9085,5.6146,True,False
2026-03-19 17:00:00,6.1313,0.0001,4.6373,0.8757,5.6146,True,False
2026-03-19 18:00:00,5.7033,0.0001,4.6568,0.8850,5.6146,True,False
2026-03-19 19:00:00,5.9539,0.0001,5.0382,0.9620,5.3704,True,False
2026-03-19 20:00:00,6.8247,0.0001,4.9862,1.1027,4.5892,True,False
2026-03-19 21:00:00,7.1462,0.0001,5.0151,1.1481,3.9055,True,False
2026-03-19 22:00:00,7.1413,0.0001,4.4771,1.0603,3.1243,True,False
2026-03-19 23:00:00,6.9541,0.0001,4.2284,0.9947,2.6360,True,False
2026-03-20 00:00:00,6.4707,0.0001,4.0989,0.9054,2.4895,True,False
2026-03-20 01:00:00,5.7480,0.0001,3.8189,0.7404,2.4895,True,False
2026-03-20 02:00:00,5.0140,0.0001,3.1609,0.6337,2.4895,True,False
2026-03-20 03:00:00,4.2091,0.0001,2.8435,0.5822,2.4895,True,False
2026-03-20 04:00:00,3.4897,0.0001,2.5016,0.5029,2.4895,True,False
2026-03-20 05:00:00,2.7971,0.0001,2.3621,0.4964,2.4895,True,False
2026-03-20 06:00:00,2.5888,0.0001,2.6054,0.4628,2.6848,True,False
2026-03-20 07:00:00,2.9778,0.0001,3.6322,0.4827,3.8079,True,False
2026-03-20 08:00:00,5.2264,0.0001,5.3936,1.0231,5.9075,True,False
2026-03-20 09:00:00,6.9508,0.0001,5.8710,1.5569,7.2259,True,False
2026-03-20 10:00:00,7.6434,0.0001,5.3319,1.6091,6.3470,True,False
2026-03-20 11:00:00,8.7966,0.0211,4.8692,1.8878,5.4681,True,False
2026-03-20 12:00:00,9.7886,0.0211,4.2159,1.8037,4.7356,True,False
2026-03-20 13:00:00,9.8277,0.0072,4.5541,1.4922,4.7356,True,False
2026-03-20 14:00:00,9.7064,0.0001,4.7319,1.3108,4.7356,True,False
2026-03-20 15:00:00,9.2352,0.0001,4.2144,1.1646,4.7356,True,False
2026-03-20 16:00:00,7.1624,0.0001,3.9146,0.9523,4.7356,True,False
2026-03-20 17:00:00,5.7456,0.0001,4.2788,0.7925,4.7356,True,False
2026-03-20 18:00:00,5.1206,0.0001,4.0324,0.7439,4.7356,True,False
2026-03-20 19:00:00,4.8040,0.0001,3.9073,0.7593,4.7356,True,False
2026-03-20 20:00:00,5.0913,0.0001,4.1962,0.8631,4.6380,True,False
2026-03-20 21:00:00,5.5478,0.0001,3.9371,0.9200,3.7102,True,False
2026-03-20 22:00:00,5.8204,0.0001,3.7268,0.9632,3.0266,True,False
2026-03-20 23:00:00,5.9165,0.0001,3.8420,0.9239,2.6848,True,False
2026-03-21 00:00:00,5.8904,0.0001,4.0662,0.8281,2.5872,True,False
2026-03-21 01:00:00,5.5983,0.0001,3.7075,0.7617,2.5872,True,False
2026-03-21 02:00:00,4.9659,0.0001,3.2565,0.6626,2.5872,True,False
2026-03-21 03:00:00,4.1896,0.0001,2.8911,0.5315,2.5872,True,False
2026-03-21 04:00:00,3.3831,0.0001,2.4814,0.4767,2.5872,True,False
2026-03-21 05:00:00,2.8175,0.0001,2.4856,0.4648,2.5872,True,False
2026-03-21 06:00:00,2.6450,0.0001,2.6855,0.4338,2.7337,True,False
2026-03-21 07:00:00,3.2219,0.0001,3.7118,0.5254,3.8079,True,False
2026-03-21 08:00:00,4.7397,0.0001,4.9822,0.8648,5.2728,True,False
2026-03-21 09:00:00,6.3161,0.0001,5.5610,1.4152,7.2259,True,False
2026-03-21 10:00:00,7.7508,0.0072,5.4574,1.7612,5.8587,True,False
2026-03-21 11:00:00,8.9846,0.0211,4.3435,1.8106,5.1751,True,False
2026-03-21 12:00:00,9.4452,0.0211,3.9040,1.6225,4.8821,True,False
2026-03-21 13:00:00,9.3264,0.0072,4.1856,1.4074,4.8821,True,False
2026-03-21 14:00:00,8.8487,0.0001,4.3738,1.1693,4.8821,True,False
2026-03-21 15:00:00,8.1146,0.0001,4.2481,1.0301,4.8821,True,False
2026-03-21 16:00:00,6.4137,0.0001,3.8474,0.9197,4.8821,True,False
2026-03-21 17:00:00,5.3965,0.0001,4.2218,0.7824,4.8821,True,False
2026-03-21 18:00:00,5.0270,0.0001,4.0970,0.7375,4.9798,True,False
2026-03-21 19:00:00,5.3167,0.0001,4.3523,0.8618,5.5169,True,False
2026-03-21 20:00:00,5.8449,0.0001,4.6196,0.9762,6.1028,True,False
2026-03-21 21:00:00,6.8337,0.0001,5.5972,1.2011,7.8607,True,False
2026-03-21 22:00:00,9.8122,0.0001,6.7076,1.9854,7.3724,True,False
2026-03-21 23:00:00,11.3519,0.0001,6.8302,1.7708,7.1771,True,False
2026-03-22 00:00:00,11.3690,0.0001,6.4505,1.2057,6.9818,True,False
2026-03-22 01:00:00,10.3453,0.0001,6.1329,0.9586,6.2005,True,False
2026-03-22 02:00:00,9.1945,0.0001,6.4481,0.7982,5.9075,True,False
2026-03-22 03:00:00,8.3042,0.0001,6.2446,0.6934,5.9075,True,False
2026-03-22 04:00:00,7.6458,0.0001,6.1639,0.7149,5.9075,True,False
2026-03-22 05:00:00,7.2633,0.0001,6.0524,0.8262,5.9075,True,False
2026-03-22 06:00:00,7.0290,0.0001,5.9539,0.9118,5.9075,True,False
2026-03-22 07:00:00,6.7563,0.0001,4.6245,1.0265,5.9075,True,False
2026-03-22 08:00:00,6.0825,0.0001,5.0040,1.0189,6.3470,True,False
2026-03-22 09:00:00,6.5301,0.0001,5.2932,1.2903,6.3470,True,False
2026-03-22 10:00:00,7.5050,0.0072,5.6014,1.8038,6.8353,True,False
2026-03-22 11:00:00,8.7437,0.0211,5.1732,1.8838,5.6634,True,False
2026-03-22 12:00:00,9.7902,0.0211,4.5165,1.8818,4.6868,True,False
2026-03-22 13:00:00,10.1955,0.0211,4.4959,1.6623,4.6868,True,False
2026-03-22 14:00:00,10.1459,0.0001,5.0341,1.3974,4.6868,True,False
2026-03-22 15:00:00,9.5184,0.0001,4.7473,1.1889,4.6868,True,False
2026-03-22 16:00:00,7.5091,0.0001,4.5175,0.9814,4.6868,True,False
2026-03-22 17:00:00,6.1647,0.0001,4.7160,0.8216,4.6868,True,False
2026-03-22 18:00:00,5.1442,0.0001,4.0413,0.6900,4.6868,True,False
2026-03-22 19:00:00,4.8707,0.0001,4.1909,0.7552,4.8821,True,False
2026-03-22 20:00:00,5.1800,0.0001,4.5321,0.8295,5.4681,True,False
2026-03-22 21:00:00,6.5993,0.0001,5.9220,1.1402,7.3236,True,False
2026-03-22 22:00:00,9.1709,0.0001,6.6820,1.5892,7.1283,True,False
2026-03-22 23:00:00,9.8920,0.0001,6.4137,1.2456,6.9818,True,False
2026-03-23 00:00:00,9.6787,0.0001,6.3884,0.9550,6.9818,True,False
2026-03-23 01:00:00,9.0594,0.0001,6.6231,0.7863,6.9818,True,False
2026-03-23 02:00:00,8.2651,0.0001,6.6259,0.6598,6.9818,True,False
2026-03-23 03:00:00,7.5791,0.0001,6.3191,0.6131,6.9818,True,False
2026-03-23 04:00:00,7.2267,0.0001,6.4140,0.6686,6.9818,True,False
2026-03-23 05:00:00,7.0770,0.0001,6.2794,0.7941,7.1771,True,False
2026-03-23 06:00:00,7.4570,0.0001,6.5093,1.1663,6.9329,True,False
2026-03-23 07:00:00,9.1579,0.0072,6.4494,2.1948,6.8353,True,False
2026-03-23 08:00:00,11.7051,0.0211,7.0618,3.5086,5.9075,True,False
2026-03-23 09:00:00,12.7916,0.0211,5.3363,2.2467,5.3704,True,False
2026-03-23 10:00:00,10.2444,0.0001,5.3448,1.6785,2.4895,True,False
2026-03-23 11:00:00,9.3052,0.0211,4.4630,1.5907,1.2200,True,False
2026-03-23 12:00:00,7.7256,0.0211,3.9364,1.3842,-0.6844,True,False
2026-03-23 13:00:00,8.2749,0.0211,3.6250,1.6633,-1.3191,True,False
2026-03-23 14:00:00,6.5561,0.0211,3.3504,1.2422,-1.3191,True,False
2026-03-23 15:00:00,5.9954,0.0072,3.4442,1.1543,-1.3191,True,False
2026-03-23 16:00:00,4.0024,0.0211,1.8403,0.9973,-1.3191,True,False
2026-03-23 17:00:00,1.8930,0.0211,0.9877,0.8641,-1.3191,True,False
2026-03-23 18:00:00,0.2564,0.0781,-0.1831,0.7878,-1.3191,True,True
2026-03-23 19:00:00,-0.7324,0.0211,0.6963,0.6802,1.0246,True,False
2026-03-23 20:00:00,4.2018,0.0001,5.6143,1.0255,6.8841,True,False
2026-03-23 21:00:00,8.3677,0.0001,6.7424,1.6105,8.3490,True,False
2026-03-23 22:00:00,10.2704,0.0001,6.9677,1.6785,8.1048,True,False
2026-03-23 23:00:00,11.2510,0.0001,6.8445,1.4440,8.1048,True,False
2026-03-24 00:00:00,10.7806,0.0001,6.8801,1.1102,8.1048,True,False
2026-03-24 01:00:00,10.0409,0.0001,6.8978,0.9285,8.1048,True,False
2026-03-24 02:00:00,9.2189,0.0001,6.9696,0.7920,8.1048,True,False
2026-03-24 03:00:00,8.5882,0.0001,6.9634,0.8204,8.1048,True,False
2026-03-24 04:00:00,8.2253,0.0001,6.8705,0.9512,8.1048,True,False
2026-03-24 05:00:00,8.2180,0.0001,6.6673,1.2039,8.2513,True,False
2026-03-24 06:00:00,8.7014,0.0001,6.4978,1.8003,9.3256,True,False
2026-03-24 07:00:00,10.6374,0.0211,6.2438,2.8277,11.1322,True,False
2026-03-24 08:00:00,11.5058,0.0211,6.3985,2.6842,11.1322,True,False
2026-03-24 09:00:00,11.3088,0.0211,6.6283,2.7120,11.2787,True,False
2026-03-24 10:00:00,11.8687,0.0211,6.0216,2.9626,10.5951,True,False
2026-03-24 11:00:00,12.5768,0.0211,5.2666,2.8860,9.9603,True,False
2026-03-24 12:00:00,12.2813,0.0211,5.1185,2.6925,9.5697,True,False
2026-03-24 13:00:00,12.2716,0.0211,5.2995,2.4590,9.4232,True,False
2026-03-24 14:00:00,12.0730,0.0211,5.5161,2.1971,8.8373,True,False
2026-03-24 15:00:00,11.4122,0.0072,5.7584,1.9033,8.2513,True,False
2026-03-24 16:00:00,10.8685,0.0001,6.3360,1.7341,7.7630,True,False
2026-03-24 17:00:00,10.1841,0.0001,6.4524,1.6206,7.4701,True,False
2026-03-24 18:00:00,9.6942,0.0001,6.2579,1.5293,6.9329,True,False
2026-03-24 19:00:00,9.7268,0.0001,6.1744,1.5905,6.4446,True,False
2026-03-24 20:00:00,9.0375,0.0001,5.9444,1.4241,5.9075,True,False
2026-03-24 21:00:00,8.5215,0.0001,5.6019,1.3204,4.8821,True,False
2026-03-24 22:00:00,8.0226,0.0001,4.9660,1.2304,3.8567,True,False
2026-03-24 23:00:00,7.6206,0.0001,4.9556,1.1850,3.3196,True,False
2026-03-25 00:00:00,7.1746,0.0001,4.5906,1.0008,2.3919,True,False
2026-03-25 01:00:00,6.7230,0.0001,4.2884,0.9332,2.3430,True,False
2026-03-25 02:00:00,6.1720,0.0001,3.8761,0.8021,2.3430,True,False
2026-03-25 03:00:00,5.4209,0.0001,3.3324,0.7704,2.3430,True,False
2026-03-25 04:00:00,4.3084,0.0001,2.8450,0.6548,2.3430,True,False
2026-03-25 05:00:00,3.6834,0.0001,3.0430,0.5756,2.3430,True,False
2026-03-25 06:00:00,2.7646,0.0001,2.2425,0.4700,2.3430,True,False
2026-03-25 07:00:00,2.7255,0.0001,3.4431,0.4714,3.7102,True,False
2026-03-25 08:00:00,5.0514,0.0001,5.7566,0.8778,6.2982,True,False
2026-03-25 09:00:00,7.4066,0.0001,6.3778,1.3972,8.3978,True,False
2026-03-25 10:00:00,9.1148,0.0001,6.3379,1.7758,7.1283,True,False
2026-03-25 11:00:00,10.4486,0.0072,5.9066,1.9766,5.8587,True,False
2026-03-25 12:00:00,10.8059,0.0072,5.2753,1.7089,4.9798,True,False
2026-03-25 13:00:00,10.8799,0.0072,4.5964,1.4627,4.9310,True,False
2026-03-25 14:00:00,10.3111,0.0001,4.8180,1.2945,4.9310,True,False
2026-03-25 15:00:00,9.5306,0.0001,4.5620,1.1380,4.9310,True,False
2026-03-25 16:00:00,7.6434,0.0001,4.4159,1.0153,4.9310,True,False
2026-03-25 17:00:00,6.3234,0.0001,4.5654,0.8408,4.9310,True,False
2026-03-25 18:00:00,5.4225,0.0001,4.0512,0.7809,4.9310,True,False
2026-03-25 19:00:00,5.1841,0.0001,4.3458,0.8570,5.3216,True,False
2026-03-25 20:00:00,5.3834,0.0001,4.4064,0.8750,5.4681,True,False
2026-03-25 21:00:00,5.6105,0.0001,4.2338,0.9177,5.4192,True,False
2026-03-25 22:00:00,5.7317,0.0001,3.9486,0.9924,4.6380,True,False
2026-03-25 23:00:00,5.7602,0.0001,4.3893,0.8781,4.0032,True,False
2026-03-26 00:00:00,5.8017,0.0001,4.0419,0.8080,3.7102,True,False
2026-03-26 01:00:00,6.0524,0.0001,4.6220,0.8036,3.7102,True,False
2026-03-26 02:00:00,5.9368,0.0001,4.0690,0.6754,3.7102,True,False
2026-03-26 03:00:00,5.6552,0.0001,4.0829,0.6466,3.7102,True,False
2026-03-26 04:00:00,4.9708,0.0001,3.5677,0.5465,3.7102,True,False
2026-03-26 05:00:00,4.2359,0.0001,3.4766,0.5168,3.7102,True,False
2026-03-26 06:00:00,3.8315,0.0001,3.5442,0.4667,3.7102,True,False
2026-03-26 07:00:00,4.0577,0.0001,4.2185,0.4914,4.3938,True,False
2026-03-26 08:00:00,5.1832,0.0001,5.3615,0.8230,5.9564,True,False
2026-03-26 09:00:00,6.4544,0.0001,5.8949,1.2748,6.6888,True,False
2026-03-26 10:00:00,8.7307,0.0072,6.3000,2.1153,5.3216,True,False
2026-03-26 11:00:00,10.0735,0.0211,5.5716,2.0402,4.3450,True,False
2026-03-26 12:00:00,10.3436,0.0211,5.2886,1.8380,3.6614,True,False
2026-03-26 13:00:00,10.2061,0.0211,3.9426,1.5472,3.6614,True,False
2026-03-26 14:00:00,9.1384,0.0211,3.4202,1.3163,3.6614,True,False
2026-03-26 15:00:00,7.6165,0.0001,4.1289,1.0655,3.6614,True,False
2026-03-26 16:00:00,5.8481,0.0001,3.7064,0.8712,3.6614,True,False
2026-03-26 17:00:00,4.7804,0.0001,3.7088,0.8194,3.6614,True,False
2026-03-26 18:00:00,3.8909,0.0001,3.3913,0.6274,3.6614,True,False
2026-03-26 19:00:00,3.7273,0.0001,3.4528,0.6529,3.7102,True,False
2026-03-26 20:00:00,3.9414,0.0001,3.6892,0.7663,4.1497,True,False
2026-03-26 21:00:00,4.2058,0.0001,3.6018,0.7850,4.3450,True,False
2026-03-26 22:00:00,4.3743,0.0001,3.1754,0.8740,4.3450,True,False
2026-03-26 23:00:00,4.3906,0.0001,3.0895,0.9315,4.4427,True,False
2026-03-27 00:00:00,4.6689,0.0001,4.3833,0.7076,5.0286,True,False
2026-03-27 01:00:00,5.2850,0.0001,4.5291,0.6113,5.2239,True,False
2026-03-27 02:00:00,5.4722,0.0001,4.8578,0.5221,5.2239,True,False
2026-03-27 03:00:00,5.5649,0.0001,4.7982,0.5029,5.2239,True,False
2026-03-27 04:00:00,5.4111,0.0001,4.7536,0.5031,5.2239,True,False
2026-03-27 05:00:00,5.2655,0.0001,4.8928,0.5187,5.2728,True,False
2026-03-27 06:00:00,5.4966,0.0001,5.2784,0.6400,5.7122,True,False
2026-03-27 07:00:00,6.3494,0.0001,5.9643,1.0429,6.8841,True,False
2026-03-27 08:00:00,7.5173,0.0001,6.4304,1.6407,8.3001,True,False
2026-03-27 09:00:00,8.9398,0.0211,6.3088,2.3179,9.2279,True,False
2026-03-27 10:00:00,9.6885,0.0211,6.2892,2.7358,9.0326,True,False
2026-03-27 11:00:00,11.2161,0.0211,5.7840,2.8989,7.4701,True,False
2026-03-27 12:00:00,12.5027,0.0211,5.0563,2.6875,5.3704,True,False
2026-03-27 13:00:00,13.0569,0.0211,5.8543,2.5188,4.0032,True,False
2026-03-27 14:00:00,13.1033,0.0211,4.9078,1.9713,3.0266,True,False
2026-03-27 15:00:00,11.8940,0.0001,4.9462,1.5065,3.0266,True,False
2026-03-27 16:00:00,9.8049,0.0001,5.3579,1.2025,3.0266,True,False
2026-03-27 17:00:00,8.2342,0.0001,4.9189,1.0795,3.0266,True,False
2026-03-27 18:00:00,6.4406,0.0001,3.6807,0.8805,3.0266,True,False
2026-03-27 19:00:00,4.6982,0.0211,2.3499,0.8422,3.0266,True,False
2026-03-27 20:00:00,3.3733,0.0001,3.1298,0.5369,3.8567,True,False
2026-03-27 21:00:00,5.8847,0.0001,6.0920,1.0997,7.6654,True,False
2026-03-27 22:00:00,9.0464,0.0001,6.9472,1.6857,8.5443,True,False
2026-03-27 23:00:00,10.8205,0.0001,7.0247,1.5905,8.5443,True,False
2026-03-28 00:00:00,11.0329,0.0001,7.1478,1.1575,8.4955,True,False
2026-03-28 01:00:00,10.4397,0.0001,7.2487,0.9103,8.4955,True,False
2026-03-28 02:00:00,9.7479,0.0001,7.1311,0.7977,8.4955,True,False
2026-03-28 03:00:00,9.0651,0.0001,7.3832,0.7686,8.4955,True,False
2026-03-28 04:00:00,8.7184,0.0001,7.3347,0.7814,8.4955,True,False
2026-03-28 05:00:00,8.5890,0.0001,7.1345,0.9309,8.4955,True,False
2026-03-28 06:00:00,8.5874,0.0001,7.2022,1.2142,8.8373,True,False
2026-03-28 07:00:00,9.1498,0.0001,7.3886,1.8257,9.7650,True,False
2026-03-28 08:00:00,10.7139,0.0211,7.3829,2.7302,11.3275,True,False
2026-03-28 09:00:00,12.0103,0.0211,7.4721,3.5071,10.1556,True,False
2026-03-28 10:00:00,13.7503,0.0211,5.7860,2.9633,7.7630,True,False
2026-03-28 11:00:00,13.1220,0.0211,5.7978,2.5792,6.4935,True,False
2026-03-28 12:00:00,12.4880,0.0211,5.6350,2.3654,6.1028,True,False
2026-03-28 13:00:00,11.8891,0.0211,5.5189,2.0915,5.9564,True,False
2026-03-28 14:00:00,11.5953,0.0072,5.5739,1.8566,5.9564,True,False
2026-03-28 15:00:00,10.9280,0.0001,5.7039,1.5485,5.9564,True,False
2026-03-28 16:00:00,8.7103,0.0001,5.3761,1.1086,5.6634,True,False
2026-03-28 17:00:00,7.0436,0.0001,4.9165,1.0243,5.6634,True,False
2026-03-28 18:00:00,6.2135,0.0001,5.0788,0.9641,5.6146,True,False
2026-03-28 19:00:00,6.0272,0.0001,5.0416,0.9171,5.5657,True,False
2026-03-28 20:00:00,6.0866,0.0001,4.8666,0.9359,5.1263,True,False
2026-03-28 21:00:00,6.1411,0.0001,4.8678,0.9884,4.8821,True,False
2026-03-28 22:00:00,5.8091,0.0001,4.0458,0.9020,4.6380,True,False
2026-03-28 23:00:00,5.7806,0.0001,4.0169,0.9244,4.0520,True,False
2026-03-29 00:00:00,5.7277,0.0001,4.2854,0.8282,3.9544,True,False
2026-03-29 01:00:00,5.6081,0.0001,4.1038,0.7289,3.9544,True,False
2026-03-29 02:00:00,5.3126,0.0001,4.0881,0.6218,3.9544,True,False
2026-03-29 03:00:00,5.0351,0.0001,4.0071,0.5433,3.9544,True,False
2026-03-29 04:00:00,4.7600,0.0001,4.1997,0.5135,3.9544,True,False
2026-03-29 05:00:00,4.3418,0.0001,3.8079,0.4395,3.9544,True,False
2026-03-29 06:00:00,4.0594,0.0001,4.0580,0.4706,4.1985,True,False
2026-03-29 07:00:00,4.4174,0.0001,4.7499,0.5280,4.8821,True,False
2026-03-29 08:00:00,5.7879,0.0001,6.1504,0.8544,6.5423,True,False
2026-03-29 09:00:00,7.3374,0.0001,6.7598,1.3617,8.1537,True,False
2026-03-29 10:00:00,8.3815,0.0001,6.5184,1.6507,8.4466,True,False
2026-03-29 11:00:00,9.5664,0.0072,5.8445,1.8543,7.7142,True,False
2026-03-29 12:00:00,11.1509,0.0211,5.0482,1.7794,7.1771,True,False
2026-03-29 13:00:00,10.3274,0.0001,5.0936,1.4423,7.1771,True,False
2026-03-29 14:00:00,9.5022,0.0001,4.8745,1.2374,7.1771,True,False
2026-03-29 15:00:00,9.4338,0.0001,5.0438,1.2434,7.1771,True,False
2026-03-29 16:00:00,9.0155,0.0001,5.4797,1.1316,7.1771,True,False
2026-03-29 17:00:00,8.0788,0.0001,5.7350,1.0224,7.1771,True,False
2026-03-29 18:00:00,7.4481,0.0001,5.6263,1.0046,7.2259,True,False
2026-03-29 19:00:00,7.4652,0.0001,6.0497,1.1135,7.4212,True,False
2026-03-29 20:00:00,7.5482,0.0001,5.8522,1.1013,7.0794,True,False
2026-03-29 21:00:00,7.8005,0.0001,5.7803,1.1605,6.6400,True,False
2026-03-29 22:00:00,7.9339,0.0001,5.6934,1.1812,5.8099,True,False
2026-03-29 23:00:00,7.9299,0.0001,5.7224,1.1058,4.8821,True,False
2026-03-30 00:00:00,8.0381,0.0001,5.5451,1.0231,4.4915,True,False
2026-03-30 01:00:00,7.9356,0.0001,5.4429,0.9466,4.4915,True,False
2026-03-30 02:00:00,7.4448,0.0001,4.7487,0.7840,4.4915,True,False
2026-03-30 03:00:00,6.8434,0.0001,4.7055,0.7475,4.4915,True,False
2026-03-30 04:00:00,6.3299,0.0001,4.4875,0.6596,4.4915,True,False
2026-03-30 05:00:00,5.2654,0.0001,4.1936,0.5352,4.4915,True,False
2026-03-30 06:00:00,4.6193,0.0001,4.1947,0.5047,4.5403,True,False
2026-03-30 07:00:00,4.8545,0.0001,5.1589,0.5525,5.3216,True,False
2026-03-30 08:00:00,5.7513,0.0001,5.8859,0.7162,6.2493,True,False
2026-03-30 09:00:00,6.8190,0.0001,6.3500,1.0593,7.0794,True,False
2026-03-30 10:00:00,7.6825,0.0001,6.5547,1.4425,8.7884,True,False
2026-03-30 11:00:00,9.6812,0.0001,6.4836,1.8380,9.0326,True,False
2026-03-30 12:00:00,10.9760,0.0001,5.8498,1.8322,8.4466,True,False
2026-03-30 13:00:00,10.2622,0.0001,5.2979,1.3791,8.4466,True,False
2026-03-30 14:00:00,10.9857,0.0001,5.8670,1.5671,8.4466,True,False
2026-03-30 15:00:00,11.0883,0.0001,5.8283,1.3322,8.3490,True,False
2026-03-30 16:00:00,9.8374,0.0001,5.9763,1.2176,8.2025,True,False
2026-03-30 17:00:00,9.3239,0.0001,6.5483,1.2492,8.0560,True,False
2026-03-30 18:00:00,8.7274,0.0001,6.4639,1.1664,7.7630,True,False
2026-03-30 19:00:00,8.6753,0.0001,6.6118,1.2115,7.7630,True,False
2026-03-30 20:00:00,8.8153,0.0001,6.6844,1.2413,7.3236,True,False
2026-03-30 21:00:00,8.4450,0.0001,6.4195,1.1842,6.9818,True,False
2026-03-30 22:00:00,8.3433,0.0001,6.1796,1.2040,6.0540,True,False
2026-03-30 23:00:00,8.1366,0.0001,5.8357,1.1737,5.5169,True,False
2026-03-31 00:00:00,7.8827,0.0001,5.3176,1.0424,4.5892,True,False
2026-03-31 01:00:00,7.9071,0.0001,5.0936,1.0518,4.4427,True,False
2026-03-31 02:00:00,7.6052,0.0001,4.4696,0.8692,4.4427,True,False
2026-03-31 03:00:00,7.1665,0.0001,4.5848,0.8357,4.4427,True,False
2026-03-31 04:00:00,6.5447,0.0001,4.3930,0.7272,4.4427,True,False
2026-03-31 05:00:00,5.7366,0.0001,4.4383,0.6461,4.4427,True,False
2026-03-31 06:00:00,4.9334,0.0001,4.0475,0.5783,4.4427,True,False
2026-03-31 07:00:00,4.6144,0.0001,4.6635,0.5420,4.9798,True,False
2026-03-31 08:00:00,5.6162,0.0001,6.1020,0.9285,6.9818,True,False
2026-03-31 09:00:00,7.1738,0.0001,6.5556,1.4199,7.2259,True,False
2026-03-31 10:00:00,8.0389,0.0001,6.6067,1.6920,8.8373,True,False
2026-03-31 11:00:00,9.8488,0.0072,6.0894,1.9839,8.8373,True,False
2026-03-31 12:00:00,10.3664,0.0001,5.8427,1.6630,8.0560,True,False
2026-03-31 13:00:00,11.0256,0.0001,5.9732,1.7563,7.8119,True,False
2026-03-31 14:00:00,11.5627,0.0001,6.0277,1.5181,7.8119,True,False
2026-03-31 15:00:00,11.3414,0.0001,6.3019,1.3949,7.8119,True,False
2026-03-31 16:00:00,10.3713,0.0001,6.4775,1.2769,7.7630,True,False
2026-03-31 17:00:00,9.3483,0.0001,6.4272,1.1700,7.4701,True,False
2026-03-31 18:00:00,8.3034,0.0001,6.2743,1.0803,6.9329,True,False
2026-03-31 19:00:00,7.9038,0.0001,6.1798,1.0628,6.4446,True,False
2026-03-31 20:00:00,7.8835,0.0001,6.1116,1.1042,6.3470,True,False
2026-03-31 21:00:00,7.9567,0.0001,6.4022,1.1607,5.7610,True,False
2026-03-31 22:00:00,7.8501,0.0001,5.8900,1.1044,4.6868,True,False
2026-03-31 23:00:00,7.7053,0.0001,5.2865,1.0662,4.2473,True,False
2026-04-01 00:00:00,7.1616,0.0001,4.9644,0.9134,3.9055,True,False
2026-04-01 01:00:00,6.7270,0.0001,4.3169,0.8606,3.9055,True,False
2026-04-01 02:00:00,6.5097,0.0001,4.3274,0.8044,3.9055,True,False
2026-04-01 03:00:00,6.2941,0.0001,4.1771,0.7508,3.9055,True,False
2026-04-01 04:00:00,5.1458,0.0001,3.5956,0.6014,3.9055,True,False
2026-04-01 05:00:00,4.3743,0.0001,3.8922,0.4994,3.9055,True,False
2026-04-01 06:00:00,4.0488,0.0001,4.1657,0.4643,4.3938,True,False
2026-04-01 07:00:00,6.2127,0.0001,6.9278,1.4373,7.8119,True,False
2026-04-01 08:00:00,8.8747,0.0001,6.3695,1.8168,7.8119,True,False
2026-04-01 09:00:00,9.1880,0.0001,6.6363,1.5560,7.5189,True,False
2026-04-01 10:00:00,10.1263,0.0001,6.6664,1.9200,7.5189,True,False
2026-04-01 11:00:00,9.9180,0.0001,5.9454,1.5727,7.2747,True,False
2026-04-01 12:00:00,8.4499,0.0001,5.1824,1.2656,6.2005,True,False
2026-04-01 13:00:00,8.3246,0.0001,5.4458,1.3404,5.8587,True,False
2026-04-01 14:00:00,8.0234,0.0001,5.2351,1.0778,5.7610,True,False
2026-04-01 15:00:00,7.8322,0.0001,5.8558,1.1511,5.7610,True,False
2026-04-01 16:00:00,8.4312,0.0001,6.0610,1.1952,5.7610,True,False
2026-04-01 17:00:00,7.5807,0.0001,5.8169,1.0527,5.7610,True,False
2026-04-01 18:00:00,6.7482,0.0001,5.2621,0.9035,5.7610,True,False
2026-04-01 19:00:00,6.0247,0.0001,5.0333,0.8618,5.7610,True,False
2026-04-01 20:00:00,5.8359,0.0001,5.0496,0.8880,5.6146,True,False
2026-04-01 21:00:00,6.0231,0.0001,5.2191,0.8950,5.0286,True,False
2026-04-01 22:00:00,6.8149,0.0001,5.4382,0.9956,4.4427,True,False
2026-04-01 23:00:00,7.1909,0.0001,5.5429,0.9499,4.0520,True,False
2026-04-02 00:00:00,7.0054,0.0001,5.0111,0.8134,3.9544,True,False
2026-04-02 01:00:00,6.4837,0.0001,4.6732,0.7125,3.9544,True,False
2026-04-02 02:00:00,5.9051,0.0001,4.1465,0.6012,3.9544,True,False
2026-04-02 03:00:00,5.3126,0.0001,3.8959,0.5646,3.9544,True,False
2026-04-02 04:00:00,4.7511,0.0001,3.7422,0.4882,3.9544,True,False
2026-04-02 05:00:00,4.1839,0.0001,3.7702,0.4606,3.9544,True,False
2026-04-02 06:00:00,3.9894,0.0001,3.9433,0.4412,4.1009,True,False
2026-04-02 07:00:00,4.8659,0.0001,5.2815,0.6285,5.8099,True,False
2026-04-02 08:00:00,7.1103,0.0001,7.0571,1.4981,8.2513,True,False
2026-04-02 09:00:00,9.1937,0.0001,7.4643,2.1189,10.0092,True,False
2026-04-02 10:00:00,10.5577,0.0072,6.7772,2.2875,10.0092,True,False
2026-04-02 11:00:00,11.8297,0.0211,5.9052,2.2477,8.7884,True,False
2026-04-02 12:00:00,12.3440,0.0211,5.5444,1.9782,8.4466,True,False
2026-04-02 13:00:00,12.6052,0.0001,5.8752,1.8350,8.3978,True,False
2026-04-02 14:00:00,12.9080,0.0001,5.9852,1.6313,8.3978,True,False
2026-04-02 15:00:00,12.7476,0.0001,6.0207,1.4638,8.3978,True,False
2026-04-02 16:00:00,10.9768,0.0001,5.9566,1.1974,8.3978,True,False
2026-04-02 17:00:00,9.2930,0.0001,6.1177,1.1119,8.3978,True,False
2026-04-02 18:00:00,8.5890,0.0001,6.3270,1.1719,8.3978,True,False
2026-04-02 19:00:00,8.5166,0.0001,6.3920,1.2334,8.4466,True,False
2026-04-02 20:00:00,8.8006,0.0001,6.3783,1.3140,8.0560,True,False
2026-04-02 21:00:00,8.8104,0.0001,6.1117,1.2889,7.5677,True,False
2026-04-02 22:00:00,8.8812,0.0001,6.1911,1.2707,6.9329,True,False
2026-04-02 23:00:00,8.9422,0.0001,6.2072,1.1530,6.3958,True,False
2026-04-03 00:00:00,8.8251,0.0001,6.0310,1.0037,6.1028,True,False
2026-04-03 01:00:00,8.5736,0.0001,6.4146,0.8691,6.0052,True,False
2026-04-03 02:00:00,8.2204,0.0001,6.0209,0.7413,6.0052,True,False
2026-04-03 03:00:00,7.8428,0.0001,5.9748,0.7108,6.0052,True,False
2026-04-03 04:00:00,7.2943,0.0001,5.7428,0.6674,6.0052,True,False
2026-04-03 05:00:00,6.6383,0.0001,5.7590,0.5940,6.0052,True,False
2026-04-03 06:00:00,6.2697,0.0001,5.5877,0.6032,6.0052,True,False
2026-04-03 07:00:00,6.2038,0.0001,5.9229,0.6599,6.4446,True,False
2026-04-03 08:00:00,6.9232,0.0001,6.5870,0.9907,7.5677,True,False
2026-04-03 09:00:00,8.5915,0.0001,7.4611,1.9328,9.9603,True,False
2026-04-03 10:00:00,10.9467,0.0072,7.5782,2.4978,11.7670,True,False
2026-04-03 11:00:00,12.1047,0.0072,7.2590,2.4479,10.0580,True,False
2026-04-03 12:00:00,13.0536,0.0211,6.8745,2.5491,9.2767,True,False
2026-04-03 13:00:00,14.2508,0.0211,6.6187,2.3241,9.1791,True,False
2026-04-03 14:00:00,15.1761,0.0072,6.5648,2.1338,9.1791,True,False
2026-04-03 15:00:00,14.8033,0.0001,5.8646,1.7869,9.1791,True,False
2026-04-03 16:00:00,12.8624,0.0001,5.7900,1.5137,9.1791,True,False
2026-04-03 17:00:00,10.8954,0.0001,7.0476,1.3548,9.1791,True,False
2026-04-03 18:00:00,9.7308,0.0001,6.9876,1.2550,9.1791,True,False
2026-04-03 19:00:00,9.2808,0.0001,7.1863,1.3410,9.4232,True,False
2026-04-03 20:00:00,9.5526,0.0001,7.2664,1.4148,9.4232,True,False
2026-04-03 21:00:00,9.7007,0.0001,7.2014,1.4077,9.0326,True,False
2026-04-03 22:00:00,9.7357,0.0001,7.3278,1.3497,8.4466,True,False
2026-04-03 23:00:00,9.5510,0.0001,6.8681,1.1698,7.9095,True,False
2026-04-04 00:00:00,9.5046,0.0001,6.9412,1.0891,7.4701,True,False
2026-04-04 01:00:00,9.5795,0.0001,7.0312,0.9471,7.3724,True,False
2026-04-04 02:00:00,9.5531,0.0001,6.9708,0.8664,7.3724,True,False
2026-04-04 03:00:00,9.3003,0.0001,6.6528,0.7915,7.3724,True,False
2026-04-04 04:00:00,8.6403,0.0001,6.8785,0.7148,7.3724,True,False
2026-04-04 05:00:00,8.1764,0.0001,6.7515,0.6916,7.3724,True,False
2026-04-04 06:00:00,7.6629,0.0001,6.7217,0.7176,7.3724,True,False
2026-04-04 07:00:00,7.4204,0.0001,6.7272,0.7877,7.5189,True,False
2026-04-04 08:00:00,7.6979,0.0001,7.1780,1.0577,8.3001,True,False
2026-04-04 09:00:00,9.6193,0.0001,8.1964,2.0566,10.3021,True,False
2026-04-04 10:00:00,11.5757,0.0001,8.1310,2.4597,9.9603,True,False
2026-04-04 11:00:00,13.4272,0.0072,7.9163,2.6975,8.7396,True,False
2026-04-04 12:00:00,13.9513,0.0001,7.3774,2.3307,7.9583,True,False
2026-04-04 13:00:00,13.5053,0.0001,7.1487,1.9422,7.9095,True,False
2026-04-04 14:00:00,13.2774,0.0001,7.3334,1.7096,7.8119,True,False
2026-04-04 15:00:00,12.3082,0.0001,7.2618,1.4633,7.7630,True,False
2026-04-04 16:00:00,10.8515,0.0001,7.0682,1.2152,7.7630,True,False
2026-04-04 17:00:00,9.3174,0.0001,7.1256,1.0827,7.7142,True,False
2026-04-04 18:00:00,8.3001,0.0001,6.3948,0.9552,7.6654,True,False
2026-04-04 19:00:00,8.0617,0.0001,6.5509,1.0788,7.1283,True,False
2026-04-04 20:00:00,7.8827,0.0001,6.3779,1.0388,6.7864,True,False
2026-04-04 21:00:00,7.8550,0.0001,6.0266,1.0571,6.7376,True,False
2026-04-04 22:00:00,7.7997,0.0001,5.8128,1.0760,6.6888,True,False
2026-04-04 23:00:00,7.8322,0.0001,6.0213,1.0190,6.4446,True,False
2026-04-05 00:00:00,7.9087,0.0001,5.7036,0.9104,6.3958,True,False
2026-04-05 01:00:00,7.3333,0.0001,5.6348,0.7360,6.3958,True,False
2026-04-05 02:00:00,7.0981,0.0001,5.4855,0.6590,6.3958,True,False
2026-04-05 03:00:00,6.8629,0.0001,5.8940,0.6204,6.3958,True,False
2026-04-05 04:00:00,6.8621,0.0001,5.9682,0.5862,6.3958,True,False
2026-04-05 05:00:00,6.5578,0.0001,5.9316,0.5574,6.3958,True,False
2026-04-05 06:00:00,6.4283,0.0001,5.9720,0.5787,6.4446,True,False
2026-04-05 07:00:00,6.6033,0.0001,6.3289,0.7014,6.8841,True,False
2026-04-05 08:00:00,7.2829,0.0001,6.8052,0.9781,7.7142,True,False
2026-04-05 09:00:00,8.5150,0.0001,7.5244,1.6209,9.2767,True,False
2026-04-05 10:00:00,9.4940,0.0001,7.5064,1.9729,9.9603,True,False
2026-04-05 11:00:00,10.6154,0.0001,7.2329,2.2152,8.9349,True,False
2026-04-05 12:00:00,11.7670,0.0001,6.8456,2.1135,8.5931,True,False
2026-04-05 13:00:00,12.5214,0.0001,6.9476,1.9599,8.5443,True,False
2026-04-05 14:00:00,12.8673,0.0001,6.7722,1.7297,8.5443,True,False
2026-04-05 15:00:00,12.4164,0.0001,6.7241,1.4805,8.1537,True,False
2026-04-05 16:00:00,11.1216,0.0001,6.7660,1.2617,8.1537,True,False
2026-04-05 17:00:00,9.5502,0.0001,6.7347,1.0873,7.9583,True,False
2026-04-05 18:00:00,8.7127,0.0001,6.7816,1.1198,7.9583,True,False
2026-04-05 19:00:00,8.7127,0.0001,7.0835,1.2437,7.6654,True,False
2026-04-05 20:00:00,9.0220,0.0001,7.1344,1.3095,7.5677,True,False
2026-04-05 21:00:00,8.6867,0.0001,6.1441,1.1893,7.3236,True,False
2026-04-05 22:00:00,8.1960,0.0001,6.2494,1.1789,6.6888,True,False
2026-04-05 23:00:00,8.0462,0.0001,6.0718,1.0483,6.3958,True,False
2026-04-06 00:00:00,7.9974,0.0001,5.7758,0.9833,5.6146,True,False
2026-04-06 01:00:00,7.7533,0.0001,5.6987,0.8560,5.5657,True,False
2026-04-06 02:00:00,7.6051,0.0001,5.4679,0.7991,5.5657,True,False
2026-04-06 03:00:00,7.4448,0.0001,5.4852,0.7304,5.5657,True,False
2026-04-06 04:00:00,7.0526,0.0001,5.5535,0.6809,5.5657,True,False
2026-04-06 05:00:00,6.5504,0.0001,5.5051,0.6150,5.5657,True,False
2026-04-06 06:00:00,5.9678,0.0001,5.2903,0.5542,5.5657,True,False
2026-04-06 07:00:00,5.6732,0.0001,5.5779,0.5370,6.0052,True,False
2026-04-06 08:00:00,6.6815,0.0001,6.5805,0.8957,7.1771,True,False
2026-04-06 09:00:00,7.4969,0.0001,6.6682,1.1619,7.8607,True,False
2026-04-06 10:00:00,7.9355,0.0001,6.5712,1.3696,8.1537,True,False
2026-04-06 11:00:00,8.7502,0.0001,6.7804,1.6909,8.9349,True,False
2026-04-06 12:00:00,9.9603,0.0001,6.9556,2.0747,7.8607,True,False
2026-04-06 13:00:00,10.8726,0.0001,6.7896,1.8225,7.6654,True,False
2026-04-06 14:00:00,11.0915,0.0001,6.6245,1.6491,7.6165,True,False
2026-04-06 15:00:00,11.6596,0.0001,6.8462,1.6166,7.5189,True,False
2026-04-06 16:00:00,11.2811,0.0001,6.7819,1.3485,7.1771,True,False
2026-04-06 17:00:00,9.7048,0.0001,6.4025,1.0916,6.8353,True,False
2026-04-06 18:00:00,8.2538,0.0001,6.1842,1.0209,6.3958,True,False
2026-04-06 19:00:00,7.7590,0.0001,6.2828,1.0160,5.7610,True,False
2026-04-06 20:00:00,7.8151,0.0001,6.0236,1.0297,5.2239,True,False
2026-04-06 21:00:00,7.6336,0.0001,5.8234,1.0409,4.6380,True,False
2026-04-06 22:00:00,7.2878,0.0001,5.4203,0.9833,3.8079,True,False
2026-04-06 23:00:00,7.0509,0.0001,4.8910,0.9415,3.7102,True,False
2026-04-07 00:00:00,6.6237,0.0001,4.5242,0.8513,3.5149,True,False
2026-04-07 01:00:00,6.1240,0.0001,4.0884,0.7290,3.5149,True,False
2026-04-07 02:00:00,5.5055,0.0001,3.7414,0.6521,3.5149,True,False
2026-04-07 03:00:00,4.9139,0.0001,3.5299,0.5715,3.5149,True,False
2026-04-07 04:00:00,4.1936,0.0001,3.2452,0.5193,3.5149,True,False
2026-04-07 05:00:00,3.7534,0.0001,3.3653,0.4817,3.5149,True,False
2026-04-07 06:00:00,3.5963,0.0001,3.5565,0.4284,3.5637,True,False
2026-04-07 07:00:00,4.2791,0.0001,5.1329,0.5429,5.5169,True,False
2026-04-07 08:00:00,6.9443,0.0001,7.5081,1.2726,8.3978,True,False
2026-04-07 09:00:00,9.1636,0.0001,7.8113,1.7768,10.0580,True,False
2026-04-07 10:00:00,10.7107,0.0001,7.2943,2.0474,9.4232,True,False
2026-04-07 11:00:00,11.7727,0.0001,6.7149,2.0557,8.1537,True,False
2026-04-07 12:00:00,11.7930,0.0001,6.4749,1.8996,7.7630,True,False
2026-04-07 13:00:00,12.2716,0.0001,6.0307,1.7449,7.7630,True,False
2026-04-07 14:00:00,12.1959,0.0001,5.9830,1.5032,7.7630,True,False
2026-04-07 15:00:00,11.6587,0.0001,6.3545,1.4716,7.7630,True,False
2026-04-07 16:00:00,10.3949,0.0001,5.8536,1.1969,7.6165,True,False
2026-04-07 17:00:00,8.6175,0.0001,6.1210,1.1142,7.2259,True,False
2026-04-07 18:00:00,7.9071,0.0001,6.0405,1.0588,6.5423,True,False
2026-04-07 19:00:00,7.9168,0.0001,6.1106,1.1255,5.8587,True,False
2026-04-07 20:00:00,8.2448,0.0001,6.4230,1.2905,5.1263,True,False
2026-04-07 21:00:00,8.0487,0.0001,5.9109,1.1713,4.4427,True,False
2026-04-07 22:00:00,7.8941,0.0001,5.5091,1.1406,3.8567,True,False
2026-04-07 23:00:00,7.4245,0.0001,5.2617,1.0026,3.5637,True,False
2026-04-08 00:00:00,6.9085,0.0001,4.7441,0.8616,3.5637,True,False
2026-04-08 01:00:00,6.1842,0.0001,4.0751,0.7482,3.5637,True,False
2026-04-08 02:00:00,5.5145,0.0001,3.7295,0.6270,3.5637,True,False
2026-04-08 03:00:00,4.7885,0.0001,3.4331,0.5603,3.5637,True,False
2026-04-08 04:00:00,4.1708,0.0001,3.3810,0.4700,3.5637,True,False
2026-04-08 05:00:00,3.6695,0.0001,3.4274,0.4398,3.5637,True,False
2026-04-08 06:00:00,3.6419,0.0001,3.9544,0.4241,3.9055,True,False
2026-04-08 07:00:00,4.8325,0.0001,5.6728,0.5871,6.0540,True,False
2026-04-08 08:00:00,7.3227,0.0001,7.8276,1.2933,8.6908,True,False
2026-04-08 09:00:00,9.5233,0.0001,8.0847,1.7806,10.4974,True,False
2026-04-08 10:00:00,11.0297,0.0001,7.4328,2.0079,9.9603,True,False
2026-04-08 11:00:00,12.0128,0.0001,6.8998,2.0741,8.5443,True,False
2026-04-08 12:00:00,12.1886,0.0001,6.2103,1.7717,7.8607,True,False
2026-04-08 13:00:00,12.4319,0.0001,5.8615,1.7161,7.8607,True,False
2026-04-08 14:00:00,12.8795,0.0001,6.1375,1.6749,7.8607,True,False
2026-04-08 15:00:00,12.5580,0.0001,6.1657,1.4047,7.8607,True,False
2026-04-08 16:00:00,10.9581,0.0001,5.9146,1.1642,7.8607,True,False
2026-04-08 17:00:00,9.1156,0.0001,6.1588,1.0373,7.8607,True,False
2026-04-08 18:00:00,8.1764,0.0001,6.0505,1.0134,7.8119,True,False
2026-04-08 19:00:00,8.0503,0.0001,6.2511,1.1356,7.6165,True,False
2026-04-08 20:00:00,8.2407,0.0001,6.3423,1.2176,7.2259,True,False
2026-04-08 21:00:00,8.4255,0.0001,6.0932,1.2297,7.0306,True,False
2026-04-08 22:00:00,8.4589,0.0001,5.7660,1.1957,6.6400,True,False
2026-04-08 23:00:00,8.1496,0.0001,5.8236,1.0607,6.0540,True,False
2026-04-09 00:00:00,7.9583,0.0001,5.6187,0.9568,5.9564,True,False
2026-04-09 01:00:00,7.6890,0.0001,5.6034,0.8635,5.9564,True,False
2026-04-09 02:00:00,7.4367,0.0001,5.1791,0.7369,5.9564,True,False
2026-04-09 03:00:00,7.1120,0.0001,5.5062,0.7058,5.9564,True,False
2026-04-09 04:00:00,6.9077,0.0001,5.4061,0.6531,5.9564,True,False
2026-04-09 05:00:00,6.3201,0.0001,5.4678,0.5544,5.9564,True,False
2026-04-09 06:00:00,6.0125,0.0001,5.5749,0.5672,5.9564,True,False
2026-04-09 07:00:00,6.2176,0.0001,6.2854,0.6465,6.7864,True,False
2026-04-09 08:00:00,7.1380,0.0001,6.7823,0.9146,7.5677,True,False
2026-04-09 09:00:00,8.0804,0.0001,6.9822,1.2817,8.5443,True,False
2026-04-09 10:00:00,8.7917,0.0001,7.1462,1.5737,8.9837,True,False
2026-04-09 11:00:00,9.0627,0.0001,6.9302,1.6574,8.9837,True,False
2026-04-09 12:00:00,9.1376,0.0001,6.7129,1.5209,8.9837,True,False
2026-04-09 13:00:00,9.1693,0.0001,6.7830,1.3562,8.9837,True,False
2026-04-09 14:00:00,9.0643,0.0001,7.1133,1.1682,9.0326,True,False
2026-04-09 15:00:00,9.0765,0.0001,7.4767,1.3487,9.1791,True,False
2026-04-09 16:00:00,9.3418,0.0001,7.3252,1.1197,9.3256,True,False
2026-04-09 17:00:00,9.4126,0.0001,7.6680,1.2952,9.4720,True,False
2026-04-09 18:00:00,9.8049,0.0001,7.8553,1.2322,9.3256,True,False
2026-04-09 19:00:00,10.0759,0.0001,7.8829,1.2463,8.9837,True,False
2026-04-09 20:00:00,10.2216,0.0001,8.0206,1.2948,8.5443,True,False
2026-04-09 21:00:00,10.6041,0.0001,8.0907,1.2379,7.9583,True,False
2026-04-09 22:00:00,10.4364,0.0001,7.2821,1.2250,6.8841,True,False
2026-04-09 23:00:00,9.9473,0.0001,6.9735,1.0213,6.1517,True,False
2026-04-10 00:00:00,9.5730,0.0001,6.5722,0.9623,5.7610,True,False
2026-04-10 01:00:00,9.1758,0.0001,6.3268,0.8231,5.6634,True,False
2026-04-10 02:00:00,8.7697,0.0001,5.8061,0.7786,5.6634,True,False
2026-04-10 03:00:00,8.3400,0.0001,5.6921,0.7490,5.6634,True,False
2026-04-10 04:00:00,7.3716,0.0001,5.4853,0.6379,5.6634,True,False
2026-04-10 05:00:00,6.4805,0.0001,5.3246,0.6112,5.6634,True,False
2026-04-10 06:00:00,5.9035,0.0001,5.2573,0.5842,5.6634,True,False
2026-04-10 07:00:00,5.7553,0.0001,5.5519,0.6127,5.9075,True,False
2026-04-10 08:00:00,6.2778,0.0001,6.0190,0.6924,6.3958,True,False
2026-04-10 09:00:00,6.6684,0.0001,6.3774,0.7788,6.9329,True,False
2026-04-10 10:00:00,7.1958,0.0001,6.8198,1.0895,7.8607,True,False
2026-04-10 11:00:00,8.4360,0.0001,7.2191,1.2707,8.0560,True,False
2026-04-10 12:00:00,8.9756,0.0001,7.0978,1.4036,7.3724,True,False
2026-04-10 13:00:00,10.3811,0.0001,6.9032,1.4737,7.2747,True,False
2026-04-10 14:00:00,9.9440,0.0001,6.7231,1.2679,7.2747,True,False
2026-04-10 15:00:00,9.8057,0.0001,7.0618,1.1849,7.2747,True,False
2026-04-10 16:00:00,9.9196,0.0001,6.8377,1.0938,7.2747,True,False
2026-04-10 17:00:00,8.5394,0.0001,6.5637,0.8746,7.2747,True,False
2026-04-10 18:00:00,7.6686,0.0001,6.4601,0.8812,7.2747,True,False
2026-04-10 19:00:00,7.3748,0.0001,6.4433,0.8122,7.2747,True,False
2026-04-10 20:00:00,7.4570,0.0001,6.6649,0.8415,7.1283,True,False
2026-04-10 21:00:00,7.9909,0.0001,6.5010,0.9166,6.7864,True,False
2026-04-10 22:00:00,7.9095,0.0001,6.1922,0.8850,6.2005,True,False
2026-04-10 23:00:00,7.9160,0.0001,5.7418,0.9035,5.7610,True,False
2026-04-11 00:00:00,7.6841,0.0001,5.7497,0.7638,5.4681,True,False
2026-04-11 01:00:00,7.4286,0.0001,5.6347,0.7559,5.3704,True,False
2026-04-11 02:00:00,7.2357,0.0001,5.7412,0.6289,5.3704,True,False
2026-04-11 03:00:00,7.0086,0.0001,5.4501,0.5843,5.3704,True,False
2026-04-11 04:00:00,6.5309,0.0001,5.4691,0.5462,5.3704,True,False
2026-04-11 05:00:00,5.9889,0.0001,5.1815,0.4941,5.3704,True,False
2026-04-11 06:00:00,5.5893,0.0001,5.3243,0.5360,5.3704,True,False
2026-04-11 07:00:00,5.4559,0.0001,5.3718,0.5205,5.5169,True,False
2026-04-11 08:00:00,5.7513,0.0001,5.9662,0.6839,6.2005,True,False
2026-04-11 09:00:00,7.1950,0.0001,7.3502,0.9829,8.0560,True,False
2026-04-11 10:00:00,8.2383,0.0001,7.3532,1.2428,8.7396,True,False
2026-04-11 11:00:00,9.3988,0.0001,7.5214,1.4683,8.5931,True,False
2026-04-11 12:00:00,9.5477,0.0001,6.8884,1.2635,7.9583,True,False
2026-04-11 13:00:00,9.6958,0.0001,7.0563,1.4261,7.7630,True,False
2026-04-11 14:00:00,11.2339,0.0001,6.4251,1.3608,7.7630,True,False
2026-04-11 15:00:00,11.1485,0.0001,6.9289,1.2856,7.6654,True,False
2026-04-11 16:00:00,9.9815,0.0001,6.6270,1.0242,7.4701,True,False
2026-04-11 17:00:00,8.9488,0.0001,6.8536,0.9439,7.2747,True,False
2026-04-11 18:00:00,8.2725,0.0001,6.6819,0.8995,7.0794,True,False
2026-04-11 19:00:00,7.8615,0.0001,6.5534,0.8807,6.8841,True,False
2026-04-11 20:00:00,7.8460,0.0001,6.5016,0.8382,6.5911,True,False
2026-04-11 21:00:00,7.7565,0.0001,6.3693,0.8450,6.3470,True,False
2026-04-11 22:00:00,7.6230,0.0001,5.7332,0.8591,5.8099,True,False
2026-04-11 23:00:00,7.4123,0.0001,5.4817,0.8050,5.6146,True,False
2026-04-12 00:00:00,7.1323,0.0001,5.5612,0.7095,5.4681,True,False
2026-04-12 01:00:00,7.0452,0.0001,5.5185,0.6962,5.4681,True,False
2026-04-12 02:00:00,6.7311,0.0001,5.3213,0.5627,5.4681,True,False
2026-04-12 03:00:00,6.4992,0.0001,5.4568,0.5685,5.4681,True,False
2026-04-12 04:00:00,6.0768,0.0001,5.3022,0.4596,5.4681,True,False
2026-04-12 05:00:00,5.7122,0.0001,5.2984,0.4791,5.4681,True,False
2026-04-12 06:00:00,5.5226,0.0001,5.3303,0.4577,5.5657,True,False
2026-04-12 07:00:00,5.7847,0.0001,5.9374,0.5684,6.0540,True,False
2026-04-12 08:00:00,6.7303,0.0001,7.1778,0.8261,8.1537,True,False
2026-04-12 09:00:00,9.0765,0.0001,8.6355,1.3260,9.9603,True,False
2026-04-12 10:00:00,10.4169,0.0001,8.2881,1.6581,10.9857,True,False
2026-04-12 11:00:00,12.1194,0.0001,7.5661,1.7361,9.8627,True,False
2026-04-12 12:00:00,12.6378,0.0001,6.9950,1.6147,8.5931,True,False
2026-04-12 13:00:00,12.4766,0.0001,6.6776,1.4325,8.1048,True,False
2026-04-12 14:00:00,13.1033,0.0001,6.5832,1.3939,8.1048,True,False
2026-04-12 15:00:00,13.4565,0.0001,6.7568,1.3718,7.9095,True,False
2026-04-12 16:00:00,12.1487,0.0001,6.8382,1.1520,7.6654,True,False
2026-04-12 17:00:00,10.5870,0.0001,7.1109,1.0030,7.5189,True,False
2026-04-12 18:00:00,9.1433,0.0001,6.9518,0.8809,7.0306,True,False
2026-04-12 19:00:00,8.2855,0.0001,6.8075,0.8686,6.6400,True,False
2026-04-12 20:00:00,8.1903,0.0001,6.9554,0.8618,6.0540,True,False
2026-04-12 21:00:00,8.0495,0.0001,6.6162,0.8358,5.3704,True,False
2026-04-12 22:00:00,7.8574,0.0001,6.1298,0.8701,4.6380,True,False
2026-04-12 23:00:00,7.6043,0.0001,6.0632,0.8303,4.0032,True,False
2026-04-13 00:00:00,7.2568,0.0001,5.2934,0.8047,3.8079,True,False
2026-04-13 01:00:00,6.8898,0.0001,5.0346,0.7436,3.8079,True,False
2026-04-13 02:00:00,6.3844,0.0001,4.5670,0.6542,3.8079,True,False
2026-04-13 03:00:00,5.7415,0.0001,4.3249,0.5954,3.8079,True,False
2026-04-13 04:00:00,4.9936,0.0001,4.0276,0.5151,3.8079,True,False
2026-04-13 05:00:00,4.2734,0.0001,3.8124,0.4606,3.8079,True,False
2026-04-13 06:00:00,3.8811,0.0001,3.9170,0.4369,4.0520,True,False
2026-04-13 07:00:00,4.6079,0.0001,5.3515,0.5082,5.4192,True,False
2026-04-13 08:00:00,6.7490,0.0001,7.4709,0.9125,7.9095,True,False
2026-04-13 09:00:00,9.4289,0.0001,9.1205,1.4576,10.9369,True,False
2026-04-13 10:00:00,11.5758,0.0001,8.6582,1.6353,12.4994,True,False
2026-04-13 11:00:00,13.5273,0.0001,8.3630,1.8638,11.5717,True,False
2026-04-13 12:00:00,13.7104,0.0001,7.2781,1.6048,10.6928,True,False
2026-04-13 13:00:00,14.3818,0.0001,6.8231,1.5233,10.2533,True,False
2026-04-13 14:00:00,14.8554,0.0001,6.6695,1.6043,10.2045,True,False
2026-04-13 15:00:00,14.0992,0.0001,7.0240,1.3714,9.8138,True,False
2026-04-13 16:00:00,13.7226,0.0001,7.5168,1.4376,9.4232,True,False
2026-04-13 17:00:00,12.5499,0.0001,7.6976,1.2667,9.0814,True,False
2026-04-13 18:00:00,11.0761,0.0001,7.7263,1.1853,9.0814,True,False
2026-04-13 19:00:00,10.4551,0.0001,7.9866,1.1779,9.0326,True,False
2026-04-13 20:00:00,10.3225,0.0001,8.2601,1.1642,8.2513,True,False
2026-04-13 21:00:00,10.1361,0.0001,7.6849,1.1391,8.1048,True,False
2026-04-13 22:00:00,9.5640,0.0001,7.2081,0.9962,7.2747,True,False
2026-04-13 23:00:00,9.2222,0.0001,6.7999,1.0115,6.3470,True,False
2026-04-14 00:00:00,9.3199,0.0001,7.3186,0.9500,6.1517,True,False
2026-04-14 01:00:00,9.2564,0.0001,6.5890,0.8882,6.1517,True,False
2026-04-14 02:00:00,8.6289,0.0001,6.0170,0.7528,6.1517,True,False
2026-04-14 03:00:00,8.1252,0.0001,6.1201,0.7145,6.1517,True,False
2026-04-14 04:00:00,7.7858,0.0001,5.9256,0.6739,6.1517,True,False
2026-04-14 05:00:00,6.7604,0.0001,5.9467,0.5675,6.1517,True,False
2026-04-14 06:00:00,6.2021,0.0001,6.0592,0.5543,6.2982,True,False
2026-04-14 07:00:00,6.7612,0.0001,7.0167,0.7301,7.5189,True,False
2026-04-14 08:00:00,8.8771,0.0001,9.2781,1.2854,10.2533,True,False
2026-04-14 09:00:00,11.5351,0.0001,10.0022,1.8438,12.4506,True,False
2026-04-14 10:00:00,13.1871,0.0001,9.8658,2.1016,11.9135,True,False
2026-04-14 11:00:00,14.8514,0.0001,9.0579,2.2336,9.8138,True,False
2026-04-14 12:00:00,15.7099,0.0001,7.9829,2.0454,7.4701,True,False
2026-04-14 13:00:00,15.6806,0.0001,6.6029,1.7517,6.4935,True,False
2026-04-14 14:00:00,14.8522,0.0001,6.3204,1.5631,6.4935,True,False
2026-04-14 15:00:00,13.7991,0.0001,6.6542,1.4245,6.4935,True,False
2026-04-14 16:00:00,12.7835,0.0001,6.7171,1.2687,6.4935,True,False
2026-04-14 17:00:00,10.8132,0.0001,6.8370,1.1343,6.4935,True,False
2026-04-14 18:00:00,8.6428,0.0001,6.1891,0.8598,6.4935,True,False
2026-04-14 19:00:00,6.8231,0.0001,5.9025,0.7174,6.4935,True,False
2026-04-14 20:00:00,6.7441,0.0001,6.4894,0.6841,6.5911,True,False
2026-04-14 21:00:00,6.7197,0.0001,6.2613,0.7033,6.8841,True,False
2026-04-14 22:00:00,7.0501,0.0001,6.2920,0.8271,6.5423,True,False
2026-04-14 23:00:00,7.6776,0.0001,6.8073,0.8945,6.0052,True,False
2026-04-15 00:00:00,7.6255,0.0001,6.6067,0.7228,5.8099,True,False
2026-04-15 01:00:00,7.4237,0.0001,6.3075,0.6735,5.8099,True,False
2026-04-15 02:00:00,7.4058,0.0001,6.1338,0.6190,5.8099,True,False
2026-04-15 03:00:00,7.1722,0.0001,5.9136,0.5942,5.8099,True,False
2026-04-15 04:00:00,6.7889,0.0001,5.9582,0.5513,5.8099,True,False
2026-04-15 05:00:00,6.2111,0.0001,5.5297,0.4941,5.8099,True,False
2026-04-15 06:00:00,5.9092,0.0001,5.7019,0.4951,6.1028,True,False
2026-04-15 07:00:00,6.7482,0.0001,6.8839,0.7208,7.6654,True,False
2026-04-15 08:00:00,8.2489,0.0001,8.1843,0.9688,8.5931,True,False
2026-04-15 09:00:00,9.7129,0.0001,9.1323,1.3058,10.5951,True,False
2026-04-15 10:00:00,11.2567,0.0001,8.8369,1.5187,11.9623,True,False
2026-04-15 11:00:00,12.7053,0.0001,8.6847,1.7843,10.3510,True,False
2026-04-15 12:00:00,13.6396,0.0001,7.9481,1.6663,9.0326,True,False
2026-04-15 13:00:00,14.1458,0.0001,7.6774,1.6472,8.5443,True,False
2026-04-15 14:00:00,15.0149,0.0001,7.4098,1.7088,8.1048,True,False
2026-04-15 15:00:00,14.6056,0.0001,7.5305,1.3798,7.9095,True,False
2026-04-15 16:00:00,12.6549,0.0001,7.6917,1.3072,7.7142,True,False
2026-04-15 17:00:00,10.9703,0.0001,7.6537,1.0786,7.7142,True,False
2026-04-15 18:00:00,9.6104,0.0001,7.4144,0.9808,7.7142,True,False
2026-04-15 19:00:00,8.7388,0.0001,7.4129,0.8703,7.7142,True,False
2026-04-15 20:00:00,8.2627,0.0001,7.1593,0.8733,7.7142,True,False
2026-04-15 21:00:00,8.0153,0.0001,7.0213,0.8301,7.6165,True,False
2026-04-15 22:00:00,7.8176,0.0001,6.5039,0.9041,6.2493,True,False
2026-04-15 23:00:00,7.8582,0.0001,6.4869,0.9268,5.0286,True,False
2026-04-16 00:00:00,8.0446,0.0001,6.3563,1.0322,4.2962,True,False
2026-04-16 01:00:00,8.2245,0.0001,5.9196,1.0229,4.1009,True,False
2026-04-16 02:00:00,8.0666,0.0001,5.2128,0.9162,4.1009,True,False
2026-04-16 03:00:00,7.8176,0.0001,5.0242,0.8906,4.1009,True,False
2026-04-16 04:00:00,6.8426,0.0001,4.6561,0.7547,4.1009,True,False
2026-04-16 05:00:00,5.5535,0.0001,4.2843,0.6624,4.1009,True,False
2026-04-16 06:00:00,4.5468,0.0001,3.9714,0.5607,4.1009,True,False
2026-04-16 07:00:00,4.3971,0.0001,4.6232,0.5409,4.9798,True,False
2026-04-16 08:00:00,6.3673,0.0001,7.2581,0.8401,7.5189,True,False
2026-04-16 09:00:00,8.1390,0.0001,7.9103,1.0856,8.8373,True,False
2026-04-16 10:00:00,9.7373,0.0001,8.1178,1.3277,10.8881,True,False
2026-04-16 11:00:00,11.6645,0.0001,7.9521,1.5422,10.1556,True,False
2026-04-16 12:00:00,11.9672,0.0001,7.0021,1.4188,8.4466,True,False
2026-04-16 13:00:00,13.5273,0.0001,6.3910,1.4415,7.8607,True,False
2026-04-16 14:00:00,13.2457,0.0001,6.0732,1.2578,7.8607,True,False
2026-04-16 15:00:00,12.8860,0.0001,6.5704,1.2328,7.7630,True,False
2026-04-16 16:00:00,12.1690,0.0001,6.7638,1.1590,7.7630,True,False
2026-04-16 17:00:00,10.7180,0.0001,7.2115,1.0529,7.7630,True,False
2026-04-16 18:00:00,9.3386,0.0001,6.8849,0.9075,7.7630,True,False
2026-04-16 19:00:00,8.0291,0.0001,6.6853,0.8105,7.7630,True,False
2026-04-16 20:00:00,7.9518,0.0001,7.0856,0.8535,7.7630,True,False
2026-04-16 21:00:00,7.8542,0.0001,6.8904,0.8485,7.8607,True,False
2026-04-16 22:00:00,8.2717,0.0001,7.3341,0.9701,7.4212,True,False
2026-04-16 23:00:00,8.1943,0.0001,6.4620,0.9590,6.2493,True,False
2026-04-17 00:00:00,7.9006,0.0001,5.9860,0.9610,5.5657,True,False
2026-04-17 01:00:00,8.3026,0.0001,5.9559,1.0674,5.1751,True,False
2026-04-17 02:00:00,8.4246,0.0001,5.1654,0.9803,5.1263,True,False
2026-04-17 03:00:00,8.4100,0.0001,5.3634,0.9150,5.1263,True,False
2026-04-17 04:00:00,7.8558,0.0001,5.3888,0.7915,5.1263,True,False
2026-04-17 05:00:00,6.6571,0.0001,5.0951,0.6230,5.1263,True,False
2026-04-17 06:00:00,5.9840,0.0001,5.2750,0.5706,5.1263,True,False
2026-04-17 07:00:00,5.4152,0.0001,5.1712,0.4773,5.1263,True,False
2026-04-17 08:00:00,6.0239,0.0001,6.6271,0.6051,6.8353,True,False
2026-04-17 09:00:00,7.4977,0.0001,7.5371,0.8466,8.0072,True,False
2026-04-17 10:00:00,8.4800,0.0001,7.8156,1.0063,9.1791,True,False
2026-04-17 11:00:00,9.8985,0.0001,8.2017,1.3276,9.2767,True,False
2026-04-17 12:00:00,11.2071,0.0001,7.8694,1.3729,8.0072,True,False
2026-04-17 13:00:00,11.9029,0.0001,7.4634,1.3230,7.3724,True,False
2026-04-17 14:00:00,11.5937,0.0001,7.5137,1.2622,7.3724,True,False
2026-04-17 15:00:00,11.6628,0.0001,7.4120,1.1705,7.2259,True,False
2026-04-17 16:00:00,10.7253,0.0001,7.4645,1.0902,7.1283,True,False
2026-04-17 17:00:00,9.8326,0.0001,7.5216,0.9978,7.0306,True,False
2026-04-17 18:00:00,8.5711,0.0001,6.9323,0.8261,6.7864,True,False
2026-04-17 19:00:00,7.6117,0.0001,6.5498,0.7478,6.5423,True,False
2026-04-17 20:00:00,7.4717,0.0001,6.7411,0.7905,6.2982,True,False
2026-04-17 21:00:00,7.3195,0.0001,6.5094,0.7816,5.9564,True,False
2026-04-17 22:00:00,7.1974,0.0001,6.1188,0.8408,5.1263,True,False
2026-04-17 23:00:00,7.0648,0.0001,5.8330,0.8299,4.4915,True,False
2026-04-18 00:00:00,6.9622,0.0001,5.3634,0.8195,4.2962,True,False
2026-04-18 01:00:00,6.6554,0.0001,4.8863,0.8109,4.2962,True,False
2026-04-18 02:00:00,6.4520,0.0001,4.6773,0.7486,4.2962,True,False
2026-04-18 03:00:00,6.1932,0.0001,4.3694,0.7432,4.2962,True,False
2026-04-18 04:00:00,5.4949,0.0001,4.1520,0.6391,4.2962,True,False
2026-04-18 05:00:00,4.7365,0.0001,3.9883,0.5681,4.2962,True,False
2026-04-18 06:00:00,4.3979,0.0001,4.2820,0.5181,4.4915,True,False
2026-04-18 07:00:00,5.1832,0.0001,5.8205,0.5999,6.2005,True,False
2026-04-18 08:00:00,6.9907,0.0001,7.7326,0.8121,8.3001,True,False
2026-04-18 09:00:00,8.9089,0.0001,8.6183,1.1364,9.7162,True,False
2026-04-18 10:00:00,10.4478,0.0001,8.7421,1.3538,11.0834,True,False
2026-04-18 11:00:00,11.8012,0.0001,8.3082,1.5175,10.2533,True,False
2026-04-18 12:00:00,12.9576,0.0001,7.5398,1.4218,9.3256,True,False
2026-04-18 13:00:00,13.5240,0.0001,7.1640,1.3998,8.7884,True,False
2026-04-18 14:00:00,13.7201,0.0001,7.0738,1.4166,8.4466,True,False
2026-04-18 15:00:00,13.6209,0.0001,7.0227,1.3331,8.3978,True,False
2026-04-18 16:00:00,12.3855,0.0001,7.5920,1.2331,8.1537,True,False
2026-04-18 17:00:00,11.0671,0.0001,7.5778,1.0990,8.0072,True,False
2026-04-18 18:00:00,9.8326,0.0001,7.6464,1.0042,7.8607,True,False
2026-04-18 19:00:00,8.9935,0.0001,7.5740,0.9187,7.8607,True,False
2026-04-18 20:00:00,8.6525,0.0001,7.6168,0.8985,7.8607,True,False
2026-04-18 21:00:00,8.5093,0.0001,7.5006,0.9329,7.8607,True,False
2026-04-18 22:00:00,8.3294,0.0001,7.1532,0.9293,7.3724,True,False
2026-04-18 23:00:00,8.0886,0.0001,6.5828,0.9994,6.7376,True,False
2026-04-19 00:00:00,7.9478,0.0001,6.2099,0.9303,6.4935,True,False
2026-04-19 01:00:00,8.0251,0.0001,5.9762,0.9130,6.4935,True,False
2026-04-19 02:00:00,8.2830,0.0001,6.1769,0.8223,6.4935,True,False
2026-04-19 03:00:00,8.0837,0.0001,6.2132,0.7503,6.4935,True,False
2026-04-19 04:00:00,7.6084,0.0001,6.0992,0.6493,6.4935,True,False
2026-04-19 05:00:00,7.0412,0.0001,6.0878,0.5621,6.4935,True,False
2026-04-19 06:00:00,6.5968,0.0001,6.1864,0.5516,6.7864,True,False
2026-04-19 07:00:00,7.1437,0.0001,7.4130,0.6382,7.3236,True,False
2026-04-19 08:00:00,8.0129,0.0001,8.1787,0.7904,8.9349,True,False
2026-04-19 09:00:00,10.3355,0.0001,10.0156,1.3137,10.4486,True,False
2026-04-19 10:00:00,10.9931,0.0001,9.2333,1.3822,11.8158,True,False
2026-04-19 11:00:00,13.3906,0.0001,9.7757,1.7640,11.8647,True,False
2026-04-19 12:00:00,14.9409,0.0001,9.0844,1.7339,10.4486,True,False
2026-04-19 13:00:00,14.6544,0.0001,8.4062,1.5040,9.5209,True,False
2026-04-19 14:00:00,14.8514,0.0001,8.3359,1.6847,9.0814,True,False
2026-04-19 15:00:00,15.2501,0.0001,8.2709,1.5100,8.7884,True,False
2026-04-19 16:00:00,14.3899,0.0001,8.7430,1.5035,8.3001,True,False
2026-04-19 17:00:00,12.6386,0.0001,8.5169,1.2021,8.0560,True,False
2026-04-19 18:00:00,11.0923,0.0001,8.3956,1.1113,7.7630,True,False
2026-04-19 19:00:00,9.8838,0.0001,8.1501,0.9811,7.6165,True,False
2026-04-19 20:00:00,9.2474,0.0001,8.1455,0.9223,7.4212,True,False
2026-04-19 21:00:00,8.9357,0.0001,7.8488,0.9525,7.3724,True,False
2026-04-19 22:00:00,8.6110,0.0001,7.3758,0.8934,6.7376,True,False
2026-04-19 23:00:00,8.2057,0.0001,6.8422,0.9796,5.7122,True,False
2026-04-20 00:00:00,7.8607,0.0001,6.3091,0.9588,5.4192,True,False
2026-04-20 01:00:00,7.8029,0.0001,5.6804,0.9821,5.1263,True,False
2026-04-20 02:00:00,7.5116,0.0001,5.0350,0.9185,5.1263,True,False
2026-04-20 03:00:00,7.4530,0.0001,5.3339,0.8790,5.1263,True,False
2026-04-20 04:00:00,7.1266,0.0001,5.2249,0.8515,5.1263,True,False
2026-04-20 05:00:00,6.1647,0.0001,4.8415,0.7244,5.1263,True,False
2026-04-20 06:00:00,5.6447,0.0001,5.0509,0.6360,5.1263,True,False
2026-04-20 07:00:00,5.3761,0.0001,5.1982,0.5555,5.1263,True,False
2026-04-20 08:00:00,5.5942,0.0001,5.8996,0.5897,6.3470,True,False
2026-04-20 09:00:00,7.0298,0.0001,7.6470,0.8318,7.0794,True,False
2026-04-20 10:00:00,7.3276,0.0001,6.7506,0.8071,7.1283,True,False
2026-04-20 11:00:00,7.4562,0.0001,7.0684,0.9006,7.2259,True,False
2026-04-20 12:00:00,7.4928,0.0001,6.6473,0.8780,,True,False
2026-04-20 13:00:00,7.9076,0.0001,6.9637,0.9429,,True,False
2026-04-20 14:00:00,7.7142,0.0001,7.2110,1.0619,,False,False
2026-05-07 10:00:00,7.7142,0.0001,8.3015,1.0619,7.7142,False,False
2026-05-07 13:00:00,7.7142,0.0001,7.2290,0.9351,7.7142,False,False
2026-05-07 14:00:00,7.7142,0.0001,7.2705,0.9175,7.7142,False,False
2026-05-07 15:00:00,7.7142,0.0001,7.3292,0.8930,,False,False
2026-05-07 16:00:00,7.7142,0.0001,7.4453,0.8870,,False,False
2026-05-07 17:00:00,7.7142,0.0001,7.7095,0.8358,,False,False
2026-05-08 10:00:00,7.7142,0.0001,8.3148,1.0574,,False,False
2026-05-08 15:00:00,7.7142,0.0001,7.3354,0.8906,,False,False
2026-05-11 11:00:00,7.7142,0.0001,8.2386,1.0867,,False,False
2026-05-14 15:00:00,7.7142,0.0001,7.3707,0.8771,,False,False
2026-05-14 16:00:00,7.7142,0.0001,7.4247,0.8516,,False,False
2026-05-15 10:00:00,7.7142,0.0001,7.4436,0.8640,7.7142,False,False
2026-05-15 11:00:00,7.7142,0.0001,7.3445,0.8969,7.7142,False,False
2026-05-15 12:00:00,7.7142,0.0001,7.2900,0.9131,7.7142,False,False
2026-05-15 13:00:00,7.7142,0.0001,7.2882,0.9113,,False,False
2026-05-15 14:00:00,7.7142,0.0001,7.3237,0.8966,,False,False
2026-05-15 15:00:00,7.7142,0.0001,7.6454,0.8753,,False,False
2026-05-18 09:00:00,7.7142,0.0001,7.5718,0.8166,7.7142,False,False
2026-05-18 10:00:00,7.7142,0.0001,7.4696,0.8573,7.7142,False,False
2026-05-18 11:00:00,7.7142,0.0001,7.3691,0.8892,,False,False
2026-05-18 12:00:00,7.7142,0.0001,7.3125,0.9050,,False,False
2026-05-18 13:00:00,7.7142,0.0001,7.3084,0.9035,,False,False
2026-05-19 11:00:00,7.7142,0.0001,7.3770,0.8868,7.7142,False,False
2026-05-19 12:00:00,7.7142,0.0001,7.3198,0.9025,,False,False
2026-05-19 13:00:00,7.7142,0.0001,7.3149,0.9011,,False,False
2026-05-19 14:00:00,7.7142,0.0001,7.3476,0.8877,,False,False
2026-05-20 15:00:00,7.7713,0.0001,6.9759,0.9203,,False,False
2026-05-21 10:00:00,7.9142,0.0001,6.1404,0.9217,7.9142,False,False
2026-05-21 11:00:00,7.9142,0.0001,5.7643,0.9562,7.9142,False,False
2026-05-21 12:00:00,7.9142,0.0001,5.4413,0.9875,7.9142,False,False
2026-05-21 13:00:00,7.9142,0.0001,5.2224,1.0119,7.9142,False,False
2026-05-21 14:00:00,7.9142,0.0001,5.1326,1.0253,7.9142,False,False
2026-05-21 15:00:00,7.9142,0.0001,5.3195,1.0286,,False,False
2026-05-21 16:00:00,7.9142,0.0001,5.4030,1.0435,,False,False
2026-05-21 17:00:00,7.9142,0.0001,5.5742,1.0340,,False,False
2026-05-22 10:00:00,7.9142,0.0001,7.4038,0.9721,7.9142,False,False
2026-05-22 13:00:00,7.9142,0.0001,5.2281,1.0100,,False,False
2026-05-22 14:00:00,7.9142,0.0001,5.1383,1.0234,,False,False
2026-05-22 15:00:00,7.9142,0.0001,5.1662,1.0257,,False,False
2026-05-27 15:00:00,7.9142,0.0001,5.1944,1.0159,,False,False
2026-05-27 16:00:00,7.9142,0.0001,5.3039,1.0106,,False,False
2026-05-27 17:00:00,7.9142,0.0001,5.4553,1.0023,,False,False
2026-05-28 10:00:00,7.9142,0.0001,6.1606,0.9103,7.9142,False,False
2026-05-28 11:00:00,7.9142,0.0001,5.7940,0.9446,7.9142,False,False
2026-05-28 12:00:00,7.9142,0.0001,5.4770,0.9756,7.9142,False,False
2026-05-28 13:00:00,7.9142,0.0001,5.2607,0.9995,7.9142,False,False
2026-05-28 14:00:00,7.9142,0.0001,5.1716,1.0122,7.9142,False,False
2026-05-28 15:00:00,7.9142,0.0001,5.3642,1.0146,,False,False
2026-05-28 16:00:00,7.9142,0.0001,5.4485,1.0280,,False,False
2026-05-28 17:00:00,7.9142,0.0001,5.6229,1.0177,,False,False
2026-05-29 10:00:00,7.7142,0.0001,7.5532,0.8390,7.7142,False,False
2026-05-29 11:00:00,7.7142,0.0001,7.4483,0.8672,7.7142,False,False
2026-05-29 12:00:00,7.7142,0.0001,7.3847,0.8816,7.7142,False,False
2026-05-29 13:00:00,7.7142,0.0001,7.3730,0.8811,,False,False
2026-05-29 14:00:00,7.7142,0.0001,7.3992,0.8700,,False,False
2026-05-29 15:00:00,7.7142,0.0001,7.7149,0.8551,,False,False
2026-06-01 10:00:00,7.7142,0.0001,7.5725,0.8354,7.7142,False,False
2026-06-01 11:00:00,7.7142,0.0001,7.4667,0.8629,7.7142,False,False
2026-06-01 12:00:00,7.7142,0.0001,7.4014,0.8769,,False,False
2026-06-01 13:00:00,7.7142,0.0001,7.3879,0.8765,,False,False
2026-06-01 14:00:00,7.7142,0.0001,7.4124,0.8659,,False,False
2026-06-26 09:00:00,7.7142,0.0001,7.7824,0.7928,,False,False
2026-07-13 13:00:00,7.7142,0.0001,7.4699,0.8551,,False,False
2026-07-13 14:00:00,7.7142,0.0001,7.4769,0.8457,,False,False
2026-08-03 12:00:00,7.7142,0.0001,8.6146,0.9857,,False,False
2026-08-04 10:00:00,7.7142,0.0001,8.7969,0.9484,,False,False
2026-08-07 11:00:00,7.7142,0.0001,8.6807,0.9766,,False,False
